Location,Sampling period,Parameter,Value,Unit,Statistic,Sample matrix,Source table,Notes
Y-1,Post-monsoon,2-hydroxybenzothiazole,80.0,ng/L,Reported value,river water,Ground truth workbook: Paper-5 concentration table,Unit inferred from the paper context because the worksheet does not include a unit column.
Y-1,Post-monsoon,Atenolol,0.0,ng/L,Reported value,river water,Ground truth workbook: Paper-5 concentration table,Unit inferred from the paper context because the worksheet does not include a unit column.
Y-1,Post-monsoon,Caffeine,100.0,ng/L,Reported value,river water,Ground truth workbook: Paper-5 concentration table,Unit inferred from the paper context because the worksheet does not include a unit column.
Y-1,Post-monsoon,Carbamazepine,0.0,ng/L,Reported value,river water,Ground truth workbook: Paper-5 concentration table,Unit inferred from the paper context because the worksheet does not include a unit column.
Y-1,Post-monsoon,Ciprofloxacin,35.0,ng/L,Reported value,river water,Ground truth workbook: Paper-5 concentration table,Unit inferred from the paper context because the worksheet does not include a unit column.
Y-1,Post-monsoon,Diclofenac,75.0,ng/L,Reported value,river water,Ground truth workbook: Paper-5 concentration table,Unit inferred from the paper context because the worksheet does not include a unit column.
Y-1,Post-monsoon,Enrofloxacin,36.0,ng/L,Reported value,river water,Ground truth workbook: Paper-5 concentration table,Unit inferred from the paper context because the worksheet does not include a unit column.
Y-1,Post-monsoon,Estrone,60.0,ng/L,Reported value,river water,Ground truth workbook: Paper-5 concentration table,Unit inferred from the paper context because the worksheet does not include a unit column.
Y-1,Post-monsoon,Gemfibrozil,330.0,ng/L,Reported value,river water,Ground truth workbook: Paper-5 concentration table,Unit inferred from the paper context because the worksheet does not include a unit column.
Y-1,Post-monsoon,Ketoprofen,30.0,ng/L,Reported value,river water,Ground truth workbook: Paper-5 concentration table,Unit inferred from the paper context because the worksheet does not include a unit column.
Y-1,Post-monsoon,Naproxen,100.0,ng/L,Reported value,river water,Ground truth workbook: Paper-5 concentration table,Unit inferred from the paper context because the worksheet does not include a unit column.
Y-1,Post-monsoon,Progesterone,15.0,ng/L,Reported value,river water,Ground truth workbook: Paper-5 concentration table,Unit inferred from the paper context because the worksheet does not include a unit column.
Y-1,Post-monsoon,Sulfamethoxazole,50.0,ng/L,Reported value,river water,Ground truth workbook: Paper-5 concentration table,Unit inferred from the paper context because the worksheet does not include a unit column.
Y-1,Post-monsoon,Testosterone,112.0,ng/L,Reported value,river water,Ground truth workbook: Paper-5 concentration table,Unit inferred from the paper context because the worksheet does not include a unit column.
Y-1,Post-monsoon,Triclosan,0.0,ng/L,Reported value,river water,Ground truth workbook: Paper-5 concentration table,Unit inferred from the paper context because the worksheet does not include a unit column.
Y-1,Post-monsoon,Trimethoprim,100.0,ng/L,Reported value,river water,Ground truth workbook: Paper-5 concentration table,Unit inferred from the paper context because the worksheet does not include a unit column.
Y-1,Summer,2-hydroxybenzothiazole,175.0,ng/L,Reported value,river water,Ground truth workbook: Paper-5 concentration table,Unit inferred from the paper context because the worksheet does not include a unit column.
Y-1,Summer,Atenolol,0.0,ng/L,Reported value,river water,Ground truth workbook: Paper-5 concentration table,Unit inferred from the paper context because the worksheet does not include a unit column.
Y-1,Summer,Caffeine,60.0,ng/L,Reported value,river water,Ground truth workbook: Paper-5 concentration table,Unit inferred from the paper context because the worksheet does not include a unit column.
Y-1,Summer,Carbamazepine,0.0,ng/L,Reported value,river water,Ground truth workbook: Paper-5 concentration table,Unit inferred from the paper context because the worksheet does not include a unit column.
Y-1,Summer,Ciprofloxacin,0.0,ng/L,Reported value,river water,Ground truth workbook: Paper-5 concentration table,Unit inferred from the paper context because the worksheet does not include a unit column.
Y-1,Summer,Diclofenac,25.0,ng/L,Reported value,river water,Ground truth workbook: Paper-5 concentration table,Unit inferred from the paper context because the worksheet does not include a unit column.
Y-1,Summer,Enrofloxacin,34.0,ng/L,Reported value,river water,Ground truth workbook: Paper-5 concentration table,Unit inferred from the paper context because the worksheet does not include a unit column.
Y-1,Summer,Estrone,10.0,ng/L,Reported value,river water,Ground truth workbook: Paper-5 concentration table,Unit inferred from the paper context because the worksheet does not include a unit column.
Y-1,Summer,Gemfibrozil,40.0,ng/L,Reported value,river water,Ground truth workbook: Paper-5 concentration table,Unit inferred from the paper context because the worksheet does not include a unit column.
Y-1,Summer,Ketoprofen,0.0,ng/L,Reported value,river water,Ground truth workbook: Paper-5 concentration table,Unit inferred from the paper context because the worksheet does not include a unit column.
Y-1,Summer,Naproxen,0.0,ng/L,Reported value,river water,Ground truth workbook: Paper-5 concentration table,Unit inferred from the paper context because the worksheet does not include a unit column.
Y-1,Summer,Progesterone,0.0,ng/L,Reported value,river water,Ground truth workbook: Paper-5 concentration table,Unit inferred from the paper context because the worksheet does not include a unit column.
Y-1,Summer,Sulfamethoxazole,45.0,ng/L,Reported value,river water,Ground truth workbook: Paper-5 concentration table,Unit inferred from the paper context because the worksheet does not include a unit column.
Y-1,Summer,Testosterone,55.0,ng/L,Reported value,river water,Ground truth workbook: Paper-5 concentration table,Unit inferred from the paper context because the worksheet does not include a unit column.
Y-1,Summer,Triclosan,20.0,ng/L,Reported value,river water,Ground truth workbook: Paper-5 concentration table,Unit inferred from the paper context because the worksheet does not include a unit column.
Y-1,Summer,Trimethoprim,50.0,ng/L,Reported value,river water,Ground truth workbook: Paper-5 concentration table,Unit inferred from the paper context because the worksheet does not include a unit column.
Y-10,Post-monsoon,2-hydroxybenzothiazole,590.0,ng/L,Reported value,river water,Ground truth workbook: Paper-5 concentration table,Unit inferred from the paper context because the worksheet does not include a unit column.
Y-10,Post-monsoon,Atenolol,62.0,ng/L,Reported value,river water,Ground truth workbook: Paper-5 concentration table,Unit inferred from the paper context because the worksheet does not include a unit column.
Y-10,Post-monsoon,Caffeine,70.0,ng/L,Reported value,river water,Ground truth workbook: Paper-5 concentration table,Unit inferred from the paper context because the worksheet does not include a unit column.
Y-10,Post-monsoon,Carbamazepine,485.0,ng/L,Reported value,river water,Ground truth workbook: Paper-5 concentration table,Unit inferred from the paper context because the worksheet does not include a unit column.
Y-10,Post-monsoon,Ciprofloxacin,160.0,ng/L,Reported value,river water,Ground truth workbook: Paper-5 concentration table,Unit inferred from the paper context because the worksheet does not include a unit column.
Y-10,Post-monsoon,Diclofenac,275.0,ng/L,Reported value,river water,Ground truth workbook: Paper-5 concentration table,Unit inferred from the paper context because the worksheet does not include a unit column.
Y-10,Post-monsoon,Enrofloxacin,45.0,ng/L,Reported value,river water,Ground truth workbook: Paper-5 concentration table,Unit inferred from the paper context because the worksheet does not include a unit column.
Y-10,Post-monsoon,Estrone,1070.0,ng/L,Reported value,river water,Ground truth workbook: Paper-5 concentration table,Unit inferred from the paper context because the worksheet does not include a unit column.
Y-10,Post-monsoon,Gemfibrozil,2400.0,ng/L,Reported value,river water,Ground truth workbook: Paper-5 concentration table,Unit inferred from the paper context because the worksheet does not include a unit column.
Y-10,Post-monsoon,Ketoprofen,1380.0,ng/L,Reported value,river water,Ground truth workbook: Paper-5 concentration table,Unit inferred from the paper context because the worksheet does not include a unit column.
Y-10,Post-monsoon,Naproxen,1650.0,ng/L,Reported value,river water,Ground truth workbook: Paper-5 concentration table,Unit inferred from the paper context because the worksheet does not include a unit column.
Y-10,Post-monsoon,Progesterone,185.0,ng/L,Reported value,river water,Ground truth workbook: Paper-5 concentration table,Unit inferred from the paper context because the worksheet does not include a unit column.
Y-10,Post-monsoon,Sulfamethoxazole,300.0,ng/L,Reported value,river water,Ground truth workbook: Paper-5 concentration table,Unit inferred from the paper context because the worksheet does not include a unit column.
Y-10,Post-monsoon,Testosterone,92.0,ng/L,Reported value,river water,Ground truth workbook: Paper-5 concentration table,Unit inferred from the paper context because the worksheet does not include a unit column.
Y-10,Post-monsoon,Triclosan,0.0,ng/L,Reported value,river water,Ground truth workbook: Paper-5 concentration table,Unit inferred from the paper context because the worksheet does not include a unit column.
Y-10,Post-monsoon,Trimethoprim,1300.0,ng/L,Reported value,river water,Ground truth workbook: Paper-5 concentration table,Unit inferred from the paper context because the worksheet does not include a unit column.
Y-10,Summer,2-hydroxybenzothiazole,175.0,ng/L,Reported value,river water,Ground truth workbook: Paper-5 concentration table,Unit inferred from the paper context because the worksheet does not include a unit column.
Y-10,Summer,Atenolol,0.0,ng/L,Reported value,river water,Ground truth workbook: Paper-5 concentration table,Unit inferred from the paper context because the worksheet does not include a unit column.
Y-10,Summer,Caffeine,190.0,ng/L,Reported value,river water,Ground truth workbook: Paper-5 concentration table,Unit inferred from the paper context because the worksheet does not include a unit column.
Y-10,Summer,Carbamazepine,65.0,ng/L,Reported value,river water,Ground truth workbook: Paper-5 concentration table,Unit inferred from the paper context because the worksheet does not include a unit column.
Y-10,Summer,Ciprofloxacin,265.0,ng/L,Reported value,river water,Ground truth workbook: Paper-5 concentration table,Unit inferred from the paper context because the worksheet does not include a unit column.
Y-10,Summer,Diclofenac,45.0,ng/L,Reported value,river water,Ground truth workbook: Paper-5 concentration table,Unit inferred from the paper context because the worksheet does not include a unit column.
Y-10,Summer,Enrofloxacin,46.0,ng/L,Reported value,river water,Ground truth workbook: Paper-5 concentration table,Unit inferred from the paper context because the worksheet does not include a unit column.
Y-10,Summer,Estrone,160.0,ng/L,Reported value,river water,Ground truth workbook: Paper-5 concentration table,Unit inferred from the paper context because the worksheet does not include a unit column.
Y-10,Summer,Gemfibrozil,230.0,ng/L,Reported value,river water,Ground truth workbook: Paper-5 concentration table,Unit inferred from the paper context because the worksheet does not include a unit column.
Y-10,Summer,Ketoprofen,60.0,ng/L,Reported value,river water,Ground truth workbook: Paper-5 concentration table,Unit inferred from the paper context because the worksheet does not include a unit column.
Y-10,Summer,Naproxen,80.0,ng/L,Reported value,river water,Ground truth workbook: Paper-5 concentration table,Unit inferred from the paper context because the worksheet does not include a unit column.
Y-10,Summer,Progesterone,125.0,ng/L,Reported value,river water,Ground truth workbook: Paper-5 concentration table,Unit inferred from the paper context because the worksheet does not include a unit column.
Y-10,Summer,Sulfamethoxazole,80.0,ng/L,Reported value,river water,Ground truth workbook: Paper-5 concentration table,Unit inferred from the paper context because the worksheet does not include a unit column.
Y-10,Summer,Testosterone,98.0,ng/L,Reported value,river water,Ground truth workbook: Paper-5 concentration table,Unit inferred from the paper context because the worksheet does not include a unit column.
Y-10,Summer,Triclosan,270.0,ng/L,Reported value,river water,Ground truth workbook: Paper-5 concentration table,Unit inferred from the paper context because the worksheet does not include a unit column.
Y-10,Summer,Trimethoprim,1500.0,ng/L,Reported value,river water,Ground truth workbook: Paper-5 concentration table,Unit inferred from the paper context because the worksheet does not include a unit column.
Y-11,Post-monsoon,2-hydroxybenzothiazole,185.0,ng/L,Reported value,river water,Ground truth workbook: Paper-5 concentration table,Unit inferred from the paper context because the worksheet does not include a unit column.
Y-11,Post-monsoon,Atenolol,63.0,ng/L,Reported value,river water,Ground truth workbook: Paper-5 concentration table,Unit inferred from the paper context because the worksheet does not include a unit column.
Y-11,Post-monsoon,Caffeine,90.0,ng/L,Reported value,river water,Ground truth workbook: Paper-5 concentration table,Unit inferred from the paper context because the worksheet does not include a unit column.
Y-11,Post-monsoon,Carbamazepine,485.0,ng/L,Reported value,river water,Ground truth workbook: Paper-5 concentration table,Unit inferred from the paper context because the worksheet does not include a unit column.
Y-11,Post-monsoon,Ciprofloxacin,155.0,ng/L,Reported value,river water,Ground truth workbook: Paper-5 concentration table,Unit inferred from the paper context because the worksheet does not include a unit column.
Y-11,Post-monsoon,Diclofenac,280.0,ng/L,Reported value,river water,Ground truth workbook: Paper-5 concentration table,Unit inferred from the paper context because the worksheet does not include a unit column.
Y-11,Post-monsoon,Enrofloxacin,37.0,ng/L,Reported value,river water,Ground truth workbook: Paper-5 concentration table,Unit inferred from the paper context because the worksheet does not include a unit column.
Y-11,Post-monsoon,Estrone,130.0,ng/L,Reported value,river water,Ground truth workbook: Paper-5 concentration table,Unit inferred from the paper context because the worksheet does not include a unit column.
Y-11,Post-monsoon,Gemfibrozil,520.0,ng/L,Reported value,river water,Ground truth workbook: Paper-5 concentration table,Unit inferred from the paper context because the worksheet does not include a unit column.
Y-11,Post-monsoon,Ketoprofen,40.0,ng/L,Reported value,river water,Ground truth workbook: Paper-5 concentration table,Unit inferred from the paper context because the worksheet does not include a unit column.
Y-11,Post-monsoon,Naproxen,150.0,ng/L,Reported value,river water,Ground truth workbook: Paper-5 concentration table,Unit inferred from the paper context because the worksheet does not include a unit column.
Y-11,Post-monsoon,Progesterone,185.0,ng/L,Reported value,river water,Ground truth workbook: Paper-5 concentration table,Unit inferred from the paper context because the worksheet does not include a unit column.
Y-11,Post-monsoon,Sulfamethoxazole,300.0,ng/L,Reported value,river water,Ground truth workbook: Paper-5 concentration table,Unit inferred from the paper context because the worksheet does not include a unit column.
Y-11,Post-monsoon,Testosterone,92.0,ng/L,Reported value,river water,Ground truth workbook: Paper-5 concentration table,Unit inferred from the paper context because the worksheet does not include a unit column.
Y-11,Post-monsoon,Triclosan,0.0,ng/L,Reported value,river water,Ground truth workbook: Paper-5 concentration table,Unit inferred from the paper context because the worksheet does not include a unit column.
Y-11,Post-monsoon,Trimethoprim,2900.0,ng/L,Reported value,river water,Ground truth workbook: Paper-5 concentration table,Unit inferred from the paper context because the worksheet does not include a unit column.
Y-11,Summer,2-hydroxybenzothiazole,50.0,ng/L,Reported value,river water,Ground truth workbook: Paper-5 concentration table,Unit inferred from the paper context because the worksheet does not include a unit column.
Y-11,Summer,Atenolol,0.0,ng/L,Reported value,river water,Ground truth workbook: Paper-5 concentration table,Unit inferred from the paper context because the worksheet does not include a unit column.
Y-11,Summer,Caffeine,150.0,ng/L,Reported value,river water,Ground truth workbook: Paper-5 concentration table,Unit inferred from the paper context because the worksheet does not include a unit column.
Y-11,Summer,Carbamazepine,55.0,ng/L,Reported value,river water,Ground truth workbook: Paper-5 concentration table,Unit inferred from the paper context because the worksheet does not include a unit column.
Y-11,Summer,Ciprofloxacin,205.0,ng/L,Reported value,river water,Ground truth workbook: Paper-5 concentration table,Unit inferred from the paper context because the worksheet does not include a unit column.
Y-11,Summer,Diclofenac,0.0,ng/L,Reported value,river water,Ground truth workbook: Paper-5 concentration table,Unit inferred from the paper context because the worksheet does not include a unit column.
Y-11,Summer,Enrofloxacin,40.0,ng/L,Reported value,river water,Ground truth workbook: Paper-5 concentration table,Unit inferred from the paper context because the worksheet does not include a unit column.
Y-11,Summer,Estrone,180.0,ng/L,Reported value,river water,Ground truth workbook: Paper-5 concentration table,Unit inferred from the paper context because the worksheet does not include a unit column.
Y-11,Summer,Gemfibrozil,220.0,ng/L,Reported value,river water,Ground truth workbook: Paper-5 concentration table,Unit inferred from the paper context because the worksheet does not include a unit column.
Y-11,Summer,Ketoprofen,0.0,ng/L,Reported value,river water,Ground truth workbook: Paper-5 concentration table,Unit inferred from the paper context because the worksheet does not include a unit column.
Y-11,Summer,Naproxen,80.0,ng/L,Reported value,river water,Ground truth workbook: Paper-5 concentration table,Unit inferred from the paper context because the worksheet does not include a unit column.
Y-11,Summer,Progesterone,100.0,ng/L,Reported value,river water,Ground truth workbook: Paper-5 concentration table,Unit inferred from the paper context because the worksheet does not include a unit column.
Y-11,Summer,Sulfamethoxazole,65.0,ng/L,Reported value,river water,Ground truth workbook: Paper-5 concentration table,Unit inferred from the paper context because the worksheet does not include a unit column.
Y-11,Summer,Testosterone,105.0,ng/L,Reported value,river water,Ground truth workbook: Paper-5 concentration table,Unit inferred from the paper context because the worksheet does not include a unit column.
Y-11,Summer,Triclosan,245.0,ng/L,Reported value,river water,Ground truth workbook: Paper-5 concentration table,Unit inferred from the paper context because the worksheet does not include a unit column.
Y-11,Summer,Trimethoprim,1500.0,ng/L,Reported value,river water,Ground truth workbook: Paper-5 concentration table,Unit inferred from the paper context because the worksheet does not include a unit column.
Y-12,Post-monsoon,2-hydroxybenzothiazole,300.0,ng/L,Reported value,river water,Ground truth workbook: Paper-5 concentration table,Unit inferred from the paper context because the worksheet does not include a unit column.
Y-12,Post-monsoon,Atenolol,0.0,ng/L,Reported value,river water,Ground truth workbook: Paper-5 concentration table,Unit inferred from the paper context because the worksheet does not include a unit column.
Y-12,Post-monsoon,Caffeine,350.0,ng/L,Reported value,river water,Ground truth workbook: Paper-5 concentration table,Unit inferred from the paper context because the worksheet does not include a unit column.
Y-12,Post-monsoon,Carbamazepine,215.0,ng/L,Reported value,river water,Ground truth workbook: Paper-5 concentration table,Unit inferred from the paper context because the worksheet does not include a unit column.
Y-12,Post-monsoon,Ciprofloxacin,182.0,ng/L,Reported value,river water,Ground truth workbook: Paper-5 concentration table,Unit inferred from the paper context because the worksheet does not include a unit column.
Y-12,Post-monsoon,Diclofenac,0.0,ng/L,Reported value,river water,Ground truth workbook: Paper-5 concentration table,Unit inferred from the paper context because the worksheet does not include a unit column.
Y-12,Post-monsoon,Enrofloxacin,40.0,ng/L,Reported value,river water,Ground truth workbook: Paper-5 concentration table,Unit inferred from the paper context because the worksheet does not include a unit column.
Y-12,Post-monsoon,Estrone,20.0,ng/L,Reported value,river water,Ground truth workbook: Paper-5 concentration table,Unit inferred from the paper context because the worksheet does not include a unit column.
Y-12,Post-monsoon,Gemfibrozil,300.0,ng/L,Reported value,river water,Ground truth workbook: Paper-5 concentration table,Unit inferred from the paper context because the worksheet does not include a unit column.
Y-12,Post-monsoon,Ketoprofen,0.0,ng/L,Reported value,river water,Ground truth workbook: Paper-5 concentration table,Unit inferred from the paper context because the worksheet does not include a unit column.
Y-12,Post-monsoon,Naproxen,420.0,ng/L,Reported value,river water,Ground truth workbook: Paper-5 concentration table,Unit inferred from the paper context because the worksheet does not include a unit column.
Y-12,Post-monsoon,Progesterone,0.0,ng/L,Reported value,river water,Ground truth workbook: Paper-5 concentration table,Unit inferred from the paper context because the worksheet does not include a unit column.
Y-12,Post-monsoon,Sulfamethoxazole,70.0,ng/L,Reported value,river water,Ground truth workbook: Paper-5 concentration table,Unit inferred from the paper context because the worksheet does not include a unit column.
Y-12,Post-monsoon,Testosterone,285.0,ng/L,Reported value,river water,Ground truth workbook: Paper-5 concentration table,Unit inferred from the paper context because the worksheet does not include a unit column.
Y-12,Post-monsoon,Triclosan,0.0,ng/L,Reported value,river water,Ground truth workbook: Paper-5 concentration table,Unit inferred from the paper context because the worksheet does not include a unit column.
Y-12,Post-monsoon,Trimethoprim,2400.0,ng/L,Reported value,river water,Ground truth workbook: Paper-5 concentration table,Unit inferred from the paper context because the worksheet does not include a unit column.
Y-12,Summer,2-hydroxybenzothiazole,215.0,ng/L,Reported value,river water,Ground truth workbook: Paper-5 concentration table,Unit inferred from the paper context because the worksheet does not include a unit column.
Y-12,Summer,Atenolol,0.0,ng/L,Reported value,river water,Ground truth workbook: Paper-5 concentration table,Unit inferred from the paper context because the worksheet does not include a unit column.
Y-12,Summer,Caffeine,130.0,ng/L,Reported value,river water,Ground truth workbook: Paper-5 concentration table,Unit inferred from the paper context because the worksheet does not include a unit column.
Y-12,Summer,Carbamazepine,55.0,ng/L,Reported value,river water,Ground truth workbook: Paper-5 concentration table,Unit inferred from the paper context because the worksheet does not include a unit column.
Y-12,Summer,Ciprofloxacin,70.0,ng/L,Reported value,river water,Ground truth workbook: Paper-5 concentration table,Unit inferred from the paper context because the worksheet does not include a unit column.
Y-12,Summer,Diclofenac,0.0,ng/L,Reported value,river water,Ground truth workbook: Paper-5 concentration table,Unit inferred from the paper context because the worksheet does not include a unit column.
Y-12,Summer,Enrofloxacin,38.0,ng/L,Reported value,river water,Ground truth workbook: Paper-5 concentration table,Unit inferred from the paper context because the worksheet does not include a unit column.
Y-12,Summer,Estrone,90.0,ng/L,Reported value,river water,Ground truth workbook: Paper-5 concentration table,Unit inferred from the paper context because the worksheet does not include a unit column.
Y-12,Summer,Gemfibrozil,50.0,ng/L,Reported value,river water,Ground truth workbook: Paper-5 concentration table,Unit inferred from the paper context because the worksheet does not include a unit column.
Y-12,Summer,Ketoprofen,50.0,ng/L,Reported value,river water,Ground truth workbook: Paper-5 concentration table,Unit inferred from the paper context because the worksheet does not include a unit column.
Y-12,Summer,Naproxen,20.0,ng/L,Reported value,river water,Ground truth workbook: Paper-5 concentration table,Unit inferred from the paper context because the worksheet does not include a unit column.
Y-12,Summer,Progesterone,60.0,ng/L,Reported value,river water,Ground truth workbook: Paper-5 concentration table,Unit inferred from the paper context because the worksheet does not include a unit column.
Y-12,Summer,Sulfamethoxazole,45.0,ng/L,Reported value,river water,Ground truth workbook: Paper-5 concentration table,Unit inferred from the paper context because the worksheet does not include a unit column.
Y-12,Summer,Testosterone,100.0,ng/L,Reported value,river water,Ground truth workbook: Paper-5 concentration table,Unit inferred from the paper context because the worksheet does not include a unit column.
Y-12,Summer,Triclosan,0.0,ng/L,Reported value,river water,Ground truth workbook: Paper-5 concentration table,Unit inferred from the paper context because the worksheet does not include a unit column.
Y-12,Summer,Trimethoprim,1500.0,ng/L,Reported value,river water,Ground truth workbook: Paper-5 concentration table,Unit inferred from the paper context because the worksheet does not include a unit column.
Y-13,Post-monsoon,2-hydroxybenzothiazole,135.0,ng/L,Reported value,river water,Ground truth workbook: Paper-5 concentration table,Unit inferred from the paper context because the worksheet does not include a unit column.
Y-13,Post-monsoon,Atenolol,103.0,ng/L,Reported value,river water,Ground truth workbook: Paper-5 concentration table,Unit inferred from the paper context because the worksheet does not include a unit column.
Y-13,Post-monsoon,Caffeine,1700.0,ng/L,Reported value,river water,Ground truth workbook: Paper-5 concentration table,Unit inferred from the paper context because the worksheet does not include a unit column.
Y-13,Post-monsoon,Carbamazepine,130.0,ng/L,Reported value,river water,Ground truth workbook: Paper-5 concentration table,Unit inferred from the paper context because the worksheet does not include a unit column.
Y-13,Post-monsoon,Ciprofloxacin,170.0,ng/L,Reported value,river water,Ground truth workbook: Paper-5 concentration table,Unit inferred from the paper context because the worksheet does not include a unit column.
Y-13,Post-monsoon,Diclofenac,5.0,ng/L,Reported value,river water,Ground truth workbook: Paper-5 concentration table,Unit inferred from the paper context because the worksheet does not include a unit column.
Y-13,Post-monsoon,Enrofloxacin,87.0,ng/L,Reported value,river water,Ground truth workbook: Paper-5 concentration table,Unit inferred from the paper context because the worksheet does not include a unit column.
Y-13,Post-monsoon,Estrone,0.0,ng/L,Reported value,river water,Ground truth workbook: Paper-5 concentration table,Unit inferred from the paper context because the worksheet does not include a unit column.
Y-13,Post-monsoon,Gemfibrozil,3000.0,ng/L,Reported value,river water,Ground truth workbook: Paper-5 concentration table,Unit inferred from the paper context because the worksheet does not include a unit column.
Y-13,Post-monsoon,Ketoprofen,0.0,ng/L,Reported value,river water,Ground truth workbook: Paper-5 concentration table,Unit inferred from the paper context because the worksheet does not include a unit column.
Y-13,Post-monsoon,Naproxen,500.0,ng/L,Reported value,river water,Ground truth workbook: Paper-5 concentration table,Unit inferred from the paper context because the worksheet does not include a unit column.
Y-13,Post-monsoon,Progesterone,125.0,ng/L,Reported value,river water,Ground truth workbook: Paper-5 concentration table,Unit inferred from the paper context because the worksheet does not include a unit column.
Y-13,Post-monsoon,Sulfamethoxazole,250.0,ng/L,Reported value,river water,Ground truth workbook: Paper-5 concentration table,Unit inferred from the paper context because the worksheet does not include a unit column.
Y-13,Post-monsoon,Testosterone,135.0,ng/L,Reported value,river water,Ground truth workbook: Paper-5 concentration table,Unit inferred from the paper context because the worksheet does not include a unit column.
Y-13,Post-monsoon,Triclosan,0.0,ng/L,Reported value,river water,Ground truth workbook: Paper-5 concentration table,Unit inferred from the paper context because the worksheet does not include a unit column.
Y-13,Post-monsoon,Trimethoprim,2300.0,ng/L,Reported value,river water,Ground truth workbook: Paper-5 concentration table,Unit inferred from the paper context because the worksheet does not include a unit column.
Y-13,Summer,2-hydroxybenzothiazole,165.0,ng/L,Reported value,river water,Ground truth workbook: Paper-5 concentration table,Unit inferred from the paper context because the worksheet does not include a unit column.
Y-13,Summer,Atenolol,0.0,ng/L,Reported value,river water,Ground truth workbook: Paper-5 concentration table,Unit inferred from the paper context because the worksheet does not include a unit column.
Y-13,Summer,Caffeine,160.0,ng/L,Reported value,river water,Ground truth workbook: Paper-5 concentration table,Unit inferred from the paper context because the worksheet does not include a unit column.
Y-13,Summer,Carbamazepine,75.0,ng/L,Reported value,river water,Ground truth workbook: Paper-5 concentration table,Unit inferred from the paper context because the worksheet does not include a unit column.
Y-13,Summer,Ciprofloxacin,65.0,ng/L,Reported value,river water,Ground truth workbook: Paper-5 concentration table,Unit inferred from the paper context because the worksheet does not include a unit column.
Y-13,Summer,Diclofenac,45.0,ng/L,Reported value,river water,Ground truth workbook: Paper-5 concentration table,Unit inferred from the paper context because the worksheet does not include a unit column.
Y-13,Summer,Enrofloxacin,35.0,ng/L,Reported value,river water,Ground truth workbook: Paper-5 concentration table,Unit inferred from the paper context because the worksheet does not include a unit column.
Y-13,Summer,Estrone,120.0,ng/L,Reported value,river water,Ground truth workbook: Paper-5 concentration table,Unit inferred from the paper context because the worksheet does not include a unit column.
Y-13,Summer,Gemfibrozil,140.0,ng/L,Reported value,river water,Ground truth workbook: Paper-5 concentration table,Unit inferred from the paper context because the worksheet does not include a unit column.
Y-13,Summer,Ketoprofen,60.0,ng/L,Reported value,river water,Ground truth workbook: Paper-5 concentration table,Unit inferred from the paper context because the worksheet does not include a unit column.
Y-13,Summer,Naproxen,0.0,ng/L,Reported value,river water,Ground truth workbook: Paper-5 concentration table,Unit inferred from the paper context because the worksheet does not include a unit column.
Y-13,Summer,Progesterone,50.0,ng/L,Reported value,river water,Ground truth workbook: Paper-5 concentration table,Unit inferred from the paper context because the worksheet does not include a unit column.
Y-13,Summer,Sulfamethoxazole,90.0,ng/L,Reported value,river water,Ground truth workbook: Paper-5 concentration table,Unit inferred from the paper context because the worksheet does not include a unit column.
Y-13,Summer,Testosterone,118.0,ng/L,Reported value,river water,Ground truth workbook: Paper-5 concentration table,Unit inferred from the paper context because the worksheet does not include a unit column.
Y-13,Summer,Triclosan,0.0,ng/L,Reported value,river water,Ground truth workbook: Paper-5 concentration table,Unit inferred from the paper context because the worksheet does not include a unit column.
Y-13,Summer,Trimethoprim,5100.0,ng/L,Reported value,river water,Ground truth workbook: Paper-5 concentration table,Unit inferred from the paper context because the worksheet does not include a unit column.
Y-2,Post-monsoon,2-hydroxybenzothiazole,265.0,ng/L,Reported value,river water,Ground truth workbook: Paper-5 concentration table,Unit inferred from the paper context because the worksheet does not include a unit column.
Y-2,Post-monsoon,Atenolol,0.0,ng/L,Reported value,river water,Ground truth workbook: Paper-5 concentration table,Unit inferred from the paper context because the worksheet does not include a unit column.
Y-2,Post-monsoon,Caffeine,350.0,ng/L,Reported value,river water,Ground truth workbook: Paper-5 concentration table,Unit inferred from the paper context because the worksheet does not include a unit column.
Y-2,Post-monsoon,Carbamazepine,5.0,ng/L,Reported value,river water,Ground truth workbook: Paper-5 concentration table,Unit inferred from the paper context because the worksheet does not include a unit column.
Y-2,Post-monsoon,Ciprofloxacin,165.0,ng/L,Reported value,river water,Ground truth workbook: Paper-5 concentration table,Unit inferred from the paper context because the worksheet does not include a unit column.
Y-2,Post-monsoon,Diclofenac,260.0,ng/L,Reported value,river water,Ground truth workbook: Paper-5 concentration table,Unit inferred from the paper context because the worksheet does not include a unit column.
Y-2,Post-monsoon,Enrofloxacin,52.0,ng/L,Reported value,river water,Ground truth workbook: Paper-5 concentration table,Unit inferred from the paper context because the worksheet does not include a unit column.
Y-2,Post-monsoon,Estrone,1750.0,ng/L,Reported value,river water,Ground truth workbook: Paper-5 concentration table,Unit inferred from the paper context because the worksheet does not include a unit column.
Y-2,Post-monsoon,Gemfibrozil,1650.0,ng/L,Reported value,river water,Ground truth workbook: Paper-5 concentration table,Unit inferred from the paper context because the worksheet does not include a unit column.
Y-2,Post-monsoon,Ketoprofen,50.0,ng/L,Reported value,river water,Ground truth workbook: Paper-5 concentration table,Unit inferred from the paper context because the worksheet does not include a unit column.
Y-2,Post-monsoon,Naproxen,510.0,ng/L,Reported value,river water,Ground truth workbook: Paper-5 concentration table,Unit inferred from the paper context because the worksheet does not include a unit column.
Y-2,Post-monsoon,Progesterone,50.0,ng/L,Reported value,river water,Ground truth workbook: Paper-5 concentration table,Unit inferred from the paper context because the worksheet does not include a unit column.
Y-2,Post-monsoon,Sulfamethoxazole,110.0,ng/L,Reported value,river water,Ground truth workbook: Paper-5 concentration table,Unit inferred from the paper context because the worksheet does not include a unit column.
Y-2,Post-monsoon,Testosterone,75.0,ng/L,Reported value,river water,Ground truth workbook: Paper-5 concentration table,Unit inferred from the paper context because the worksheet does not include a unit column.
Y-2,Post-monsoon,Triclosan,0.0,ng/L,Reported value,river water,Ground truth workbook: Paper-5 concentration table,Unit inferred from the paper context because the worksheet does not include a unit column.
Y-2,Post-monsoon,Trimethoprim,1100.0,ng/L,Reported value,river water,Ground truth workbook: Paper-5 concentration table,Unit inferred from the paper context because the worksheet does not include a unit column.
Y-2,Summer,2-hydroxybenzothiazole,355.0,ng/L,Reported value,river water,Ground truth workbook: Paper-5 concentration table,Unit inferred from the paper context because the worksheet does not include a unit column.
Y-2,Summer,Atenolol,0.0,ng/L,Reported value,river water,Ground truth workbook: Paper-5 concentration table,Unit inferred from the paper context because the worksheet does not include a unit column.
Y-2,Summer,Caffeine,80.0,ng/L,Reported value,river water,Ground truth workbook: Paper-5 concentration table,Unit inferred from the paper context because the worksheet does not include a unit column.
Y-2,Summer,Carbamazepine,105.0,ng/L,Reported value,river water,Ground truth workbook: Paper-5 concentration table,Unit inferred from the paper context because the worksheet does not include a unit column.
Y-2,Summer,Ciprofloxacin,145.0,ng/L,Reported value,river water,Ground truth workbook: Paper-5 concentration table,Unit inferred from the paper context because the worksheet does not include a unit column.
Y-2,Summer,Diclofenac,90.0,ng/L,Reported value,river water,Ground truth workbook: Paper-5 concentration table,Unit inferred from the paper context because the worksheet does not include a unit column.
Y-2,Summer,Enrofloxacin,33.0,ng/L,Reported value,river water,Ground truth workbook: Paper-5 concentration table,Unit inferred from the paper context because the worksheet does not include a unit column.
Y-2,Summer,Estrone,510.0,ng/L,Reported value,river water,Ground truth workbook: Paper-5 concentration table,Unit inferred from the paper context because the worksheet does not include a unit column.
Y-2,Summer,Gemfibrozil,450.0,ng/L,Reported value,river water,Ground truth workbook: Paper-5 concentration table,Unit inferred from the paper context because the worksheet does not include a unit column.
Y-2,Summer,Ketoprofen,290.0,ng/L,Reported value,river water,Ground truth workbook: Paper-5 concentration table,Unit inferred from the paper context because the worksheet does not include a unit column.
Y-2,Summer,Naproxen,200.0,ng/L,Reported value,river water,Ground truth workbook: Paper-5 concentration table,Unit inferred from the paper context because the worksheet does not include a unit column.
Y-2,Summer,Progesterone,230.0,ng/L,Reported value,river water,Ground truth workbook: Paper-5 concentration table,Unit inferred from the paper context because the worksheet does not include a unit column.
Y-2,Summer,Sulfamethoxazole,55.0,ng/L,Reported value,river water,Ground truth workbook: Paper-5 concentration table,Unit inferred from the paper context because the worksheet does not include a unit column.
Y-2,Summer,Testosterone,210.0,ng/L,Reported value,river water,Ground truth workbook: Paper-5 concentration table,Unit inferred from the paper context because the worksheet does not include a unit column.
Y-2,Summer,Triclosan,15.0,ng/L,Reported value,river water,Ground truth workbook: Paper-5 concentration table,Unit inferred from the paper context because the worksheet does not include a unit column.
Y-2,Summer,Trimethoprim,900.0,ng/L,Reported value,river water,Ground truth workbook: Paper-5 concentration table,Unit inferred from the paper context because the worksheet does not include a unit column.
Y-3,Post-monsoon,2-hydroxybenzothiazole,100.0,ng/L,Reported value,river water,Ground truth workbook: Paper-5 concentration table,Unit inferred from the paper context because the worksheet does not include a unit column.
Y-3,Post-monsoon,Atenolol,125.0,ng/L,Reported value,river water,Ground truth workbook: Paper-5 concentration table,Unit inferred from the paper context because the worksheet does not include a unit column.
Y-3,Post-monsoon,Caffeine,300.0,ng/L,Reported value,river water,Ground truth workbook: Paper-5 concentration table,Unit inferred from the paper context because the worksheet does not include a unit column.
Y-3,Post-monsoon,Carbamazepine,0.0,ng/L,Reported value,river water,Ground truth workbook: Paper-5 concentration table,Unit inferred from the paper context because the worksheet does not include a unit column.
Y-3,Post-monsoon,Ciprofloxacin,220.0,ng/L,Reported value,river water,Ground truth workbook: Paper-5 concentration table,Unit inferred from the paper context because the worksheet does not include a unit column.
Y-3,Post-monsoon,Diclofenac,20.0,ng/L,Reported value,river water,Ground truth workbook: Paper-5 concentration table,Unit inferred from the paper context because the worksheet does not include a unit column.
Y-3,Post-monsoon,Enrofloxacin,60.0,ng/L,Reported value,river water,Ground truth workbook: Paper-5 concentration table,Unit inferred from the paper context because the worksheet does not include a unit column.
Y-3,Post-monsoon,Estrone,100.0,ng/L,Reported value,river water,Ground truth workbook: Paper-5 concentration table,Unit inferred from the paper context because the worksheet does not include a unit column.
Y-3,Post-monsoon,Gemfibrozil,320.0,ng/L,Reported value,river water,Ground truth workbook: Paper-5 concentration table,Unit inferred from the paper context because the worksheet does not include a unit column.
Y-3,Post-monsoon,Ketoprofen,40.0,ng/L,Reported value,river water,Ground truth workbook: Paper-5 concentration table,Unit inferred from the paper context because the worksheet does not include a unit column.
Y-3,Post-monsoon,Naproxen,650.0,ng/L,Reported value,river water,Ground truth workbook: Paper-5 concentration table,Unit inferred from the paper context because the worksheet does not include a unit column.
Y-3,Post-monsoon,Progesterone,85.0,ng/L,Reported value,river water,Ground truth workbook: Paper-5 concentration table,Unit inferred from the paper context because the worksheet does not include a unit column.
Y-3,Post-monsoon,Sulfamethoxazole,50.0,ng/L,Reported value,river water,Ground truth workbook: Paper-5 concentration table,Unit inferred from the paper context because the worksheet does not include a unit column.
Y-3,Post-monsoon,Testosterone,52.0,ng/L,Reported value,river water,Ground truth workbook: Paper-5 concentration table,Unit inferred from the paper context because the worksheet does not include a unit column.
Y-3,Post-monsoon,Triclosan,0.0,ng/L,Reported value,river water,Ground truth workbook: Paper-5 concentration table,Unit inferred from the paper context because the worksheet does not include a unit column.
Y-3,Post-monsoon,Trimethoprim,2200.0,ng/L,Reported value,river water,Ground truth workbook: Paper-5 concentration table,Unit inferred from the paper context because the worksheet does not include a unit column.
Y-3,Summer,2-hydroxybenzothiazole,210.0,ng/L,Reported value,river water,Ground truth workbook: Paper-5 concentration table,Unit inferred from the paper context because the worksheet does not include a unit column.
Y-3,Summer,Atenolol,0.0,ng/L,Reported value,river water,Ground truth workbook: Paper-5 concentration table,Unit inferred from the paper context because the worksheet does not include a unit column.
Y-3,Summer,Caffeine,120.0,ng/L,Reported value,river water,Ground truth workbook: Paper-5 concentration table,Unit inferred from the paper context because the worksheet does not include a unit column.
Y-3,Summer,Carbamazepine,325.0,ng/L,Reported value,river water,Ground truth workbook: Paper-5 concentration table,Unit inferred from the paper context because the worksheet does not include a unit column.
Y-3,Summer,Ciprofloxacin,70.0,ng/L,Reported value,river water,Ground truth workbook: Paper-5 concentration table,Unit inferred from the paper context because the worksheet does not include a unit column.
Y-3,Summer,Diclofenac,8.0,ng/L,Reported value,river water,Ground truth workbook: Paper-5 concentration table,Unit inferred from the paper context because the worksheet does not include a unit column.
Y-3,Summer,Enrofloxacin,34.0,ng/L,Reported value,river water,Ground truth workbook: Paper-5 concentration table,Unit inferred from the paper context because the worksheet does not include a unit column.
Y-3,Summer,Estrone,1080.0,ng/L,Reported value,river water,Ground truth workbook: Paper-5 concentration table,Unit inferred from the paper context because the worksheet does not include a unit column.
Y-3,Summer,Gemfibrozil,200.0,ng/L,Reported value,river water,Ground truth workbook: Paper-5 concentration table,Unit inferred from the paper context because the worksheet does not include a unit column.
Y-3,Summer,Ketoprofen,40.0,ng/L,Reported value,river water,Ground truth workbook: Paper-5 concentration table,Unit inferred from the paper context because the worksheet does not include a unit column.
Y-3,Summer,Naproxen,0.0,ng/L,Reported value,river water,Ground truth workbook: Paper-5 concentration table,Unit inferred from the paper context because the worksheet does not include a unit column.
Y-3,Summer,Progesterone,0.0,ng/L,Reported value,river water,Ground truth workbook: Paper-5 concentration table,Unit inferred from the paper context because the worksheet does not include a unit column.
Y-3,Summer,Sulfamethoxazole,50.0,ng/L,Reported value,river water,Ground truth workbook: Paper-5 concentration table,Unit inferred from the paper context because the worksheet does not include a unit column.
Y-3,Summer,Testosterone,68.0,ng/L,Reported value,river water,Ground truth workbook: Paper-5 concentration table,Unit inferred from the paper context because the worksheet does not include a unit column.
Y-3,Summer,Triclosan,18.0,ng/L,Reported value,river water,Ground truth workbook: Paper-5 concentration table,Unit inferred from the paper context because the worksheet does not include a unit column.
Y-3,Summer,Trimethoprim,700.0,ng/L,Reported value,river water,Ground truth workbook: Paper-5 concentration table,Unit inferred from the paper context because the worksheet does not include a unit column.
Y-4,Post-monsoon,2-hydroxybenzothiazole,290.0,ng/L,Reported value,river water,Ground truth workbook: Paper-5 concentration table,Unit inferred from the paper context because the worksheet does not include a unit column.
Y-4,Post-monsoon,Atenolol,102.0,ng/L,Reported value,river water,Ground truth workbook: Paper-5 concentration table,Unit inferred from the paper context because the worksheet does not include a unit column.
Y-4,Post-monsoon,Caffeine,2700.0,ng/L,Reported value,river water,Ground truth workbook: Paper-5 concentration table,Unit inferred from the paper context because the worksheet does not include a unit column.
Y-4,Post-monsoon,Carbamazepine,70.0,ng/L,Reported value,river water,Ground truth workbook: Paper-5 concentration table,Unit inferred from the paper context because the worksheet does not include a unit column.
Y-4,Post-monsoon,Ciprofloxacin,100.0,ng/L,Reported value,river water,Ground truth workbook: Paper-5 concentration table,Unit inferred from the paper context because the worksheet does not include a unit column.
Y-4,Post-monsoon,Diclofenac,80.0,ng/L,Reported value,river water,Ground truth workbook: Paper-5 concentration table,Unit inferred from the paper context because the worksheet does not include a unit column.
Y-4,Post-monsoon,Enrofloxacin,50.0,ng/L,Reported value,river water,Ground truth workbook: Paper-5 concentration table,Unit inferred from the paper context because the worksheet does not include a unit column.
Y-4,Post-monsoon,Estrone,290.0,ng/L,Reported value,river water,Ground truth workbook: Paper-5 concentration table,Unit inferred from the paper context because the worksheet does not include a unit column.
Y-4,Post-monsoon,Gemfibrozil,2150.0,ng/L,Reported value,river water,Ground truth workbook: Paper-5 concentration table,Unit inferred from the paper context because the worksheet does not include a unit column.
Y-4,Post-monsoon,Ketoprofen,0.0,ng/L,Reported value,river water,Ground truth workbook: Paper-5 concentration table,Unit inferred from the paper context because the worksheet does not include a unit column.
Y-4,Post-monsoon,Naproxen,220.0,ng/L,Reported value,river water,Ground truth workbook: Paper-5 concentration table,Unit inferred from the paper context because the worksheet does not include a unit column.
Y-4,Post-monsoon,Progesterone,275.0,ng/L,Reported value,river water,Ground truth workbook: Paper-5 concentration table,Unit inferred from the paper context because the worksheet does not include a unit column.
Y-4,Post-monsoon,Sulfamethoxazole,180.0,ng/L,Reported value,river water,Ground truth workbook: Paper-5 concentration table,Unit inferred from the paper context because the worksheet does not include a unit column.
Y-4,Post-monsoon,Testosterone,100.0,ng/L,Reported value,river water,Ground truth workbook: Paper-5 concentration table,Unit inferred from the paper context because the worksheet does not include a unit column.
Y-4,Post-monsoon,Triclosan,0.0,ng/L,Reported value,river water,Ground truth workbook: Paper-5 concentration table,Unit inferred from the paper context because the worksheet does not include a unit column.
Y-4,Post-monsoon,Trimethoprim,700.0,ng/L,Reported value,river water,Ground truth workbook: Paper-5 concentration table,Unit inferred from the paper context because the worksheet does not include a unit column.
Y-4,Summer,2-hydroxybenzothiazole,145.0,ng/L,Reported value,river water,Ground truth workbook: Paper-5 concentration table,Unit inferred from the paper context because the worksheet does not include a unit column.
Y-4,Summer,Atenolol,0.0,ng/L,Reported value,river water,Ground truth workbook: Paper-5 concentration table,Unit inferred from the paper context because the worksheet does not include a unit column.
Y-4,Summer,Caffeine,180.0,ng/L,Reported value,river water,Ground truth workbook: Paper-5 concentration table,Unit inferred from the paper context because the worksheet does not include a unit column.
Y-4,Summer,Carbamazepine,35.0,ng/L,Reported value,river water,Ground truth workbook: Paper-5 concentration table,Unit inferred from the paper context because the worksheet does not include a unit column.
Y-4,Summer,Ciprofloxacin,60.0,ng/L,Reported value,river water,Ground truth workbook: Paper-5 concentration table,Unit inferred from the paper context because the worksheet does not include a unit column.
Y-4,Summer,Diclofenac,0.0,ng/L,Reported value,river water,Ground truth workbook: Paper-5 concentration table,Unit inferred from the paper context because the worksheet does not include a unit column.
Y-4,Summer,Enrofloxacin,0.0,ng/L,Reported value,river water,Ground truth workbook: Paper-5 concentration table,Unit inferred from the paper context because the worksheet does not include a unit column.
Y-4,Summer,Estrone,1120.0,ng/L,Reported value,river water,Ground truth workbook: Paper-5 concentration table,Unit inferred from the paper context because the worksheet does not include a unit column.
Y-4,Summer,Gemfibrozil,300.0,ng/L,Reported value,river water,Ground truth workbook: Paper-5 concentration table,Unit inferred from the paper context because the worksheet does not include a unit column.
Y-4,Summer,Ketoprofen,0.0,ng/L,Reported value,river water,Ground truth workbook: Paper-5 concentration table,Unit inferred from the paper context because the worksheet does not include a unit column.
Y-4,Summer,Naproxen,0.0,ng/L,Reported value,river water,Ground truth workbook: Paper-5 concentration table,Unit inferred from the paper context because the worksheet does not include a unit column.
Y-4,Summer,Progesterone,20.0,ng/L,Reported value,river water,Ground truth workbook: Paper-5 concentration table,Unit inferred from the paper context because the worksheet does not include a unit column.
Y-4,Summer,Sulfamethoxazole,95.0,ng/L,Reported value,river water,Ground truth workbook: Paper-5 concentration table,Unit inferred from the paper context because the worksheet does not include a unit column.
Y-4,Summer,Testosterone,115.0,ng/L,Reported value,river water,Ground truth workbook: Paper-5 concentration table,Unit inferred from the paper context because the worksheet does not include a unit column.
Y-4,Summer,Triclosan,20.0,ng/L,Reported value,river water,Ground truth workbook: Paper-5 concentration table,Unit inferred from the paper context because the worksheet does not include a unit column.
Y-4,Summer,Trimethoprim,4600.0,ng/L,Reported value,river water,Ground truth workbook: Paper-5 concentration table,Unit inferred from the paper context because the worksheet does not include a unit column.
Y-5,Post-monsoon,2-hydroxybenzothiazole,410.0,ng/L,Reported value,river water,Ground truth workbook: Paper-5 concentration table,Unit inferred from the paper context because the worksheet does not include a unit column.
Y-5,Post-monsoon,Atenolol,185.0,ng/L,Reported value,river water,Ground truth workbook: Paper-5 concentration table,Unit inferred from the paper context because the worksheet does not include a unit column.
Y-5,Post-monsoon,Caffeine,3000.0,ng/L,Reported value,river water,Ground truth workbook: Paper-5 concentration table,Unit inferred from the paper context because the worksheet does not include a unit column.
Y-5,Post-monsoon,Carbamazepine,110.0,ng/L,Reported value,river water,Ground truth workbook: Paper-5 concentration table,Unit inferred from the paper context because the worksheet does not include a unit column.
Y-5,Post-monsoon,Ciprofloxacin,98.0,ng/L,Reported value,river water,Ground truth workbook: Paper-5 concentration table,Unit inferred from the paper context because the worksheet does not include a unit column.
Y-5,Post-monsoon,Diclofenac,135.0,ng/L,Reported value,river water,Ground truth workbook: Paper-5 concentration table,Unit inferred from the paper context because the worksheet does not include a unit column.
Y-5,Post-monsoon,Enrofloxacin,42.0,ng/L,Reported value,river water,Ground truth workbook: Paper-5 concentration table,Unit inferred from the paper context because the worksheet does not include a unit column.
Y-5,Post-monsoon,Estrone,370.0,ng/L,Reported value,river water,Ground truth workbook: Paper-5 concentration table,Unit inferred from the paper context because the worksheet does not include a unit column.
Y-5,Post-monsoon,Gemfibrozil,800.0,ng/L,Reported value,river water,Ground truth workbook: Paper-5 concentration table,Unit inferred from the paper context because the worksheet does not include a unit column.
Y-5,Post-monsoon,Ketoprofen,160.0,ng/L,Reported value,river water,Ground truth workbook: Paper-5 concentration table,Unit inferred from the paper context because the worksheet does not include a unit column.
Y-5,Post-monsoon,Naproxen,440.0,ng/L,Reported value,river water,Ground truth workbook: Paper-5 concentration table,Unit inferred from the paper context because the worksheet does not include a unit column.
Y-5,Post-monsoon,Progesterone,185.0,ng/L,Reported value,river water,Ground truth workbook: Paper-5 concentration table,Unit inferred from the paper context because the worksheet does not include a unit column.
Y-5,Post-monsoon,Sulfamethoxazole,100.0,ng/L,Reported value,river water,Ground truth workbook: Paper-5 concentration table,Unit inferred from the paper context because the worksheet does not include a unit column.
Y-5,Post-monsoon,Testosterone,140.0,ng/L,Reported value,river water,Ground truth workbook: Paper-5 concentration table,Unit inferred from the paper context because the worksheet does not include a unit column.
Y-5,Post-monsoon,Triclosan,0.0,ng/L,Reported value,river water,Ground truth workbook: Paper-5 concentration table,Unit inferred from the paper context because the worksheet does not include a unit column.
Y-5,Post-monsoon,Trimethoprim,700.0,ng/L,Reported value,river water,Ground truth workbook: Paper-5 concentration table,Unit inferred from the paper context because the worksheet does not include a unit column.
Y-5,Summer,2-hydroxybenzothiazole,0.0,ng/L,Reported value,river water,Ground truth workbook: Paper-5 concentration table,Unit inferred from the paper context because the worksheet does not include a unit column.
Y-5,Summer,Atenolol,0.0,ng/L,Reported value,river water,Ground truth workbook: Paper-5 concentration table,Unit inferred from the paper context because the worksheet does not include a unit column.
Y-5,Summer,Caffeine,200.0,ng/L,Reported value,river water,Ground truth workbook: Paper-5 concentration table,Unit inferred from the paper context because the worksheet does not include a unit column.
Y-5,Summer,Carbamazepine,40.0,ng/L,Reported value,river water,Ground truth workbook: Paper-5 concentration table,Unit inferred from the paper context because the worksheet does not include a unit column.
Y-5,Summer,Ciprofloxacin,65.0,ng/L,Reported value,river water,Ground truth workbook: Paper-5 concentration table,Unit inferred from the paper context because the worksheet does not include a unit column.
Y-5,Summer,Diclofenac,15.0,ng/L,Reported value,river water,Ground truth workbook: Paper-5 concentration table,Unit inferred from the paper context because the worksheet does not include a unit column.
Y-5,Summer,Enrofloxacin,33.0,ng/L,Reported value,river water,Ground truth workbook: Paper-5 concentration table,Unit inferred from the paper context because the worksheet does not include a unit column.
Y-5,Summer,Estrone,1300.0,ng/L,Reported value,river water,Ground truth workbook: Paper-5 concentration table,Unit inferred from the paper context because the worksheet does not include a unit column.
Y-5,Summer,Gemfibrozil,350.0,ng/L,Reported value,river water,Ground truth workbook: Paper-5 concentration table,Unit inferred from the paper context because the worksheet does not include a unit column.
Y-5,Summer,Ketoprofen,30.0,ng/L,Reported value,river water,Ground truth workbook: Paper-5 concentration table,Unit inferred from the paper context because the worksheet does not include a unit column.
Y-5,Summer,Naproxen,90.0,ng/L,Reported value,river water,Ground truth workbook: Paper-5 concentration table,Unit inferred from the paper context because the worksheet does not include a unit column.
Y-5,Summer,Progesterone,0.0,ng/L,Reported value,river water,Ground truth workbook: Paper-5 concentration table,Unit inferred from the paper context because the worksheet does not include a unit column.
Y-5,Summer,Sulfamethoxazole,90.0,ng/L,Reported value,river water,Ground truth workbook: Paper-5 concentration table,Unit inferred from the paper context because the worksheet does not include a unit column.
Y-5,Summer,Testosterone,212.0,ng/L,Reported value,river water,Ground truth workbook: Paper-5 concentration table,Unit inferred from the paper context because the worksheet does not include a unit column.
Y-5,Summer,Triclosan,17.0,ng/L,Reported value,river water,Ground truth workbook: Paper-5 concentration table,Unit inferred from the paper context because the worksheet does not include a unit column.
Y-5,Summer,Trimethoprim,8800.0,ng/L,Reported value,river water,Ground truth workbook: Paper-5 concentration table,Unit inferred from the paper context because the worksheet does not include a unit column.
Y-6,Post-monsoon,2-hydroxybenzothiazole,195.0,ng/L,Reported value,river water,Ground truth workbook: Paper-5 concentration table,Unit inferred from the paper context because the worksheet does not include a unit column.
Y-6,Post-monsoon,Atenolol,205.0,ng/L,Reported value,river water,Ground truth workbook: Paper-5 concentration table,Unit inferred from the paper context because the worksheet does not include a unit column.
Y-6,Post-monsoon,Caffeine,6500.0,ng/L,Reported value,river water,Ground truth workbook: Paper-5 concentration table,Unit inferred from the paper context because the worksheet does not include a unit column.
Y-6,Post-monsoon,Carbamazepine,140.0,ng/L,Reported value,river water,Ground truth workbook: Paper-5 concentration table,Unit inferred from the paper context because the worksheet does not include a unit column.
Y-6,Post-monsoon,Ciprofloxacin,190.0,ng/L,Reported value,river water,Ground truth workbook: Paper-5 concentration table,Unit inferred from the paper context because the worksheet does not include a unit column.
Y-6,Post-monsoon,Diclofenac,72.0,ng/L,Reported value,river water,Ground truth workbook: Paper-5 concentration table,Unit inferred from the paper context because the worksheet does not include a unit column.
Y-6,Post-monsoon,Enrofloxacin,53.0,ng/L,Reported value,river water,Ground truth workbook: Paper-5 concentration table,Unit inferred from the paper context because the worksheet does not include a unit column.
Y-6,Post-monsoon,Estrone,480.0,ng/L,Reported value,river water,Ground truth workbook: Paper-5 concentration table,Unit inferred from the paper context because the worksheet does not include a unit column.
Y-6,Post-monsoon,Gemfibrozil,2500.0,ng/L,Reported value,river water,Ground truth workbook: Paper-5 concentration table,Unit inferred from the paper context because the worksheet does not include a unit column.
Y-6,Post-monsoon,Ketoprofen,130.0,ng/L,Reported value,river water,Ground truth workbook: Paper-5 concentration table,Unit inferred from the paper context because the worksheet does not include a unit column.
Y-6,Post-monsoon,Naproxen,1580.0,ng/L,Reported value,river water,Ground truth workbook: Paper-5 concentration table,Unit inferred from the paper context because the worksheet does not include a unit column.
Y-6,Post-monsoon,Progesterone,5.0,ng/L,Reported value,river water,Ground truth workbook: Paper-5 concentration table,Unit inferred from the paper context because the worksheet does not include a unit column.
Y-6,Post-monsoon,Sulfamethoxazole,1300.0,ng/L,Reported value,river water,Ground truth workbook: Paper-5 concentration table,Unit inferred from the paper context because the worksheet does not include a unit column.
Y-6,Post-monsoon,Testosterone,95.0,ng/L,Reported value,river water,Ground truth workbook: Paper-5 concentration table,Unit inferred from the paper context because the worksheet does not include a unit column.
Y-6,Post-monsoon,Triclosan,0.0,ng/L,Reported value,river water,Ground truth workbook: Paper-5 concentration table,Unit inferred from the paper context because the worksheet does not include a unit column.
Y-6,Post-monsoon,Trimethoprim,2600.0,ng/L,Reported value,river water,Ground truth workbook: Paper-5 concentration table,Unit inferred from the paper context because the worksheet does not include a unit column.
Y-6,Summer,2-hydroxybenzothiazole,85.0,ng/L,Reported value,river water,Ground truth workbook: Paper-5 concentration table,Unit inferred from the paper context because the worksheet does not include a unit column.
Y-6,Summer,Atenolol,0.0,ng/L,Reported value,river water,Ground truth workbook: Paper-5 concentration table,Unit inferred from the paper context because the worksheet does not include a unit column.
Y-6,Summer,Caffeine,750.0,ng/L,Reported value,river water,Ground truth workbook: Paper-5 concentration table,Unit inferred from the paper context because the worksheet does not include a unit column.
Y-6,Summer,Carbamazepine,90.0,ng/L,Reported value,river water,Ground truth workbook: Paper-5 concentration table,Unit inferred from the paper context because the worksheet does not include a unit column.
Y-6,Summer,Ciprofloxacin,60.0,ng/L,Reported value,river water,Ground truth workbook: Paper-5 concentration table,Unit inferred from the paper context because the worksheet does not include a unit column.
Y-6,Summer,Diclofenac,132.0,ng/L,Reported value,river water,Ground truth workbook: Paper-5 concentration table,Unit inferred from the paper context because the worksheet does not include a unit column.
Y-6,Summer,Enrofloxacin,0.0,ng/L,Reported value,river water,Ground truth workbook: Paper-5 concentration table,Unit inferred from the paper context because the worksheet does not include a unit column.
Y-6,Summer,Estrone,1400.0,ng/L,Reported value,river water,Ground truth workbook: Paper-5 concentration table,Unit inferred from the paper context because the worksheet does not include a unit column.
Y-6,Summer,Gemfibrozil,2150.0,ng/L,Reported value,river water,Ground truth workbook: Paper-5 concentration table,Unit inferred from the paper context because the worksheet does not include a unit column.
Y-6,Summer,Ketoprofen,70.0,ng/L,Reported value,river water,Ground truth workbook: Paper-5 concentration table,Unit inferred from the paper context because the worksheet does not include a unit column.
Y-6,Summer,Naproxen,500.0,ng/L,Reported value,river water,Ground truth workbook: Paper-5 concentration table,Unit inferred from the paper context because the worksheet does not include a unit column.
Y-6,Summer,Progesterone,82.0,ng/L,Reported value,river water,Ground truth workbook: Paper-5 concentration table,Unit inferred from the paper context because the worksheet does not include a unit column.
Y-6,Summer,Sulfamethoxazole,450.0,ng/L,Reported value,river water,Ground truth workbook: Paper-5 concentration table,Unit inferred from the paper context because the worksheet does not include a unit column.
Y-6,Summer,Testosterone,82.0,ng/L,Reported value,river water,Ground truth workbook: Paper-5 concentration table,Unit inferred from the paper context because the worksheet does not include a unit column.
Y-6,Summer,Triclosan,15.0,ng/L,Reported value,river water,Ground truth workbook: Paper-5 concentration table,Unit inferred from the paper context because the worksheet does not include a unit column.
Y-6,Summer,Trimethoprim,1100.0,ng/L,Reported value,river water,Ground truth workbook: Paper-5 concentration table,Unit inferred from the paper context because the worksheet does not include a unit column.
Y-7,Post-monsoon,2-hydroxybenzothiazole,310.0,ng/L,Reported value,river water,Ground truth workbook: Paper-5 concentration table,Unit inferred from the paper context because the worksheet does not include a unit column.
Y-7,Post-monsoon,Atenolol,75.0,ng/L,Reported value,river water,Ground truth workbook: Paper-5 concentration table,Unit inferred from the paper context because the worksheet does not include a unit column.
Y-7,Post-monsoon,Caffeine,80.0,ng/L,Reported value,river water,Ground truth workbook: Paper-5 concentration table,Unit inferred from the paper context because the worksheet does not include a unit column.
Y-7,Post-monsoon,Carbamazepine,245.0,ng/L,Reported value,river water,Ground truth workbook: Paper-5 concentration table,Unit inferred from the paper context because the worksheet does not include a unit column.
Y-7,Post-monsoon,Ciprofloxacin,95.0,ng/L,Reported value,river water,Ground truth workbook: Paper-5 concentration table,Unit inferred from the paper context because the worksheet does not include a unit column.
Y-7,Post-monsoon,Diclofenac,150.0,ng/L,Reported value,river water,Ground truth workbook: Paper-5 concentration table,Unit inferred from the paper context because the worksheet does not include a unit column.
Y-7,Post-monsoon,Enrofloxacin,57.0,ng/L,Reported value,river water,Ground truth workbook: Paper-5 concentration table,Unit inferred from the paper context because the worksheet does not include a unit column.
Y-7,Post-monsoon,Estrone,450.0,ng/L,Reported value,river water,Ground truth workbook: Paper-5 concentration table,Unit inferred from the paper context because the worksheet does not include a unit column.
Y-7,Post-monsoon,Gemfibrozil,1100.0,ng/L,Reported value,river water,Ground truth workbook: Paper-5 concentration table,Unit inferred from the paper context because the worksheet does not include a unit column.
Y-7,Post-monsoon,Ketoprofen,550.0,ng/L,Reported value,river water,Ground truth workbook: Paper-5 concentration table,Unit inferred from the paper context because the worksheet does not include a unit column.
Y-7,Post-monsoon,Naproxen,700.0,ng/L,Reported value,river water,Ground truth workbook: Paper-5 concentration table,Unit inferred from the paper context because the worksheet does not include a unit column.
Y-7,Post-monsoon,Progesterone,225.0,ng/L,Reported value,river water,Ground truth workbook: Paper-5 concentration table,Unit inferred from the paper context because the worksheet does not include a unit column.
Y-7,Post-monsoon,Sulfamethoxazole,180.0,ng/L,Reported value,river water,Ground truth workbook: Paper-5 concentration table,Unit inferred from the paper context because the worksheet does not include a unit column.
Y-7,Post-monsoon,Testosterone,72.0,ng/L,Reported value,river water,Ground truth workbook: Paper-5 concentration table,Unit inferred from the paper context because the worksheet does not include a unit column.
Y-7,Post-monsoon,Triclosan,0.0,ng/L,Reported value,river water,Ground truth workbook: Paper-5 concentration table,Unit inferred from the paper context because the worksheet does not include a unit column.
Y-7,Post-monsoon,Trimethoprim,1300.0,ng/L,Reported value,river water,Ground truth workbook: Paper-5 concentration table,Unit inferred from the paper context because the worksheet does not include a unit column.
Y-7,Summer,2-hydroxybenzothiazole,100.0,ng/L,Reported value,river water,Ground truth workbook: Paper-5 concentration table,Unit inferred from the paper context because the worksheet does not include a unit column.
Y-7,Summer,Atenolol,0.0,ng/L,Reported value,river water,Ground truth workbook: Paper-5 concentration table,Unit inferred from the paper context because the worksheet does not include a unit column.
Y-7,Summer,Caffeine,150.0,ng/L,Reported value,river water,Ground truth workbook: Paper-5 concentration table,Unit inferred from the paper context because the worksheet does not include a unit column.
Y-7,Summer,Carbamazepine,60.0,ng/L,Reported value,river water,Ground truth workbook: Paper-5 concentration table,Unit inferred from the paper context because the worksheet does not include a unit column.
Y-7,Summer,Ciprofloxacin,45.0,ng/L,Reported value,river water,Ground truth workbook: Paper-5 concentration table,Unit inferred from the paper context because the worksheet does not include a unit column.
Y-7,Summer,Diclofenac,180.0,ng/L,Reported value,river water,Ground truth workbook: Paper-5 concentration table,Unit inferred from the paper context because the worksheet does not include a unit column.
Y-7,Summer,Enrofloxacin,35.0,ng/L,Reported value,river water,Ground truth workbook: Paper-5 concentration table,Unit inferred from the paper context because the worksheet does not include a unit column.
Y-7,Summer,Estrone,500.0,ng/L,Reported value,river water,Ground truth workbook: Paper-5 concentration table,Unit inferred from the paper context because the worksheet does not include a unit column.
Y-7,Summer,Gemfibrozil,50.0,ng/L,Reported value,river water,Ground truth workbook: Paper-5 concentration table,Unit inferred from the paper context because the worksheet does not include a unit column.
Y-7,Summer,Ketoprofen,20.0,ng/L,Reported value,river water,Ground truth workbook: Paper-5 concentration table,Unit inferred from the paper context because the worksheet does not include a unit column.
Y-7,Summer,Naproxen,400.0,ng/L,Reported value,river water,Ground truth workbook: Paper-5 concentration table,Unit inferred from the paper context because the worksheet does not include a unit column.
Y-7,Summer,Progesterone,0.0,ng/L,Reported value,river water,Ground truth workbook: Paper-5 concentration table,Unit inferred from the paper context because the worksheet does not include a unit column.
Y-7,Summer,Sulfamethoxazole,70.0,ng/L,Reported value,river water,Ground truth workbook: Paper-5 concentration table,Unit inferred from the paper context because the worksheet does not include a unit column.
Y-7,Summer,Testosterone,110.0,ng/L,Reported value,river water,Ground truth workbook: Paper-5 concentration table,Unit inferred from the paper context because the worksheet does not include a unit column.
Y-7,Summer,Triclosan,0.0,ng/L,Reported value,river water,Ground truth workbook: Paper-5 concentration table,Unit inferred from the paper context because the worksheet does not include a unit column.
Y-7,Summer,Trimethoprim,5400.0,ng/L,Reported value,river water,Ground truth workbook: Paper-5 concentration table,Unit inferred from the paper context because the worksheet does not include a unit column.
Y-8,Post-monsoon,2-hydroxybenzothiazole,400.0,ng/L,Reported value,river water,Ground truth workbook: Paper-5 concentration table,Unit inferred from the paper context because the worksheet does not include a unit column.
Y-8,Post-monsoon,Atenolol,158.0,ng/L,Reported value,river water,Ground truth workbook: Paper-5 concentration table,Unit inferred from the paper context because the worksheet does not include a unit column.
Y-8,Post-monsoon,Caffeine,60.0,ng/L,Reported value,river water,Ground truth workbook: Paper-5 concentration table,Unit inferred from the paper context because the worksheet does not include a unit column.
Y-8,Post-monsoon,Carbamazepine,70.0,ng/L,Reported value,river water,Ground truth workbook: Paper-5 concentration table,Unit inferred from the paper context because the worksheet does not include a unit column.
Y-8,Post-monsoon,Ciprofloxacin,125.0,ng/L,Reported value,river water,Ground truth workbook: Paper-5 concentration table,Unit inferred from the paper context because the worksheet does not include a unit column.
Y-8,Post-monsoon,Diclofenac,210.0,ng/L,Reported value,river water,Ground truth workbook: Paper-5 concentration table,Unit inferred from the paper context because the worksheet does not include a unit column.
Y-8,Post-monsoon,Enrofloxacin,39.0,ng/L,Reported value,river water,Ground truth workbook: Paper-5 concentration table,Unit inferred from the paper context because the worksheet does not include a unit column.
Y-8,Post-monsoon,Estrone,40.0,ng/L,Reported value,river water,Ground truth workbook: Paper-5 concentration table,Unit inferred from the paper context because the worksheet does not include a unit column.
Y-8,Post-monsoon,Gemfibrozil,330.0,ng/L,Reported value,river water,Ground truth workbook: Paper-5 concentration table,Unit inferred from the paper context because the worksheet does not include a unit column.
Y-8,Post-monsoon,Ketoprofen,20.0,ng/L,Reported value,river water,Ground truth workbook: Paper-5 concentration table,Unit inferred from the paper context because the worksheet does not include a unit column.
Y-8,Post-monsoon,Naproxen,100.0,ng/L,Reported value,river water,Ground truth workbook: Paper-5 concentration table,Unit inferred from the paper context because the worksheet does not include a unit column.
Y-8,Post-monsoon,Progesterone,5.0,ng/L,Reported value,river water,Ground truth workbook: Paper-5 concentration table,Unit inferred from the paper context because the worksheet does not include a unit column.
Y-8,Post-monsoon,Sulfamethoxazole,210.0,ng/L,Reported value,river water,Ground truth workbook: Paper-5 concentration table,Unit inferred from the paper context because the worksheet does not include a unit column.
Y-8,Post-monsoon,Testosterone,96.0,ng/L,Reported value,river water,Ground truth workbook: Paper-5 concentration table,Unit inferred from the paper context because the worksheet does not include a unit column.
Y-8,Post-monsoon,Triclosan,0.0,ng/L,Reported value,river water,Ground truth workbook: Paper-5 concentration table,Unit inferred from the paper context because the worksheet does not include a unit column.
Y-8,Post-monsoon,Trimethoprim,3300.0,ng/L,Reported value,river water,Ground truth workbook: Paper-5 concentration table,Unit inferred from the paper context because the worksheet does not include a unit column.
Y-8,Summer,2-hydroxybenzothiazole,190.0,ng/L,Reported value,river water,Ground truth workbook: Paper-5 concentration table,Unit inferred from the paper context because the worksheet does not include a unit column.
Y-8,Summer,Atenolol,0.0,ng/L,Reported value,river water,Ground truth workbook: Paper-5 concentration table,Unit inferred from the paper context because the worksheet does not include a unit column.
Y-8,Summer,Caffeine,200.0,ng/L,Reported value,river water,Ground truth workbook: Paper-5 concentration table,Unit inferred from the paper context because the worksheet does not include a unit column.
Y-8,Summer,Carbamazepine,105.0,ng/L,Reported value,river water,Ground truth workbook: Paper-5 concentration table,Unit inferred from the paper context because the worksheet does not include a unit column.
Y-8,Summer,Ciprofloxacin,58.0,ng/L,Reported value,river water,Ground truth workbook: Paper-5 concentration table,Unit inferred from the paper context because the worksheet does not include a unit column.
Y-8,Summer,Diclofenac,175.0,ng/L,Reported value,river water,Ground truth workbook: Paper-5 concentration table,Unit inferred from the paper context because the worksheet does not include a unit column.
Y-8,Summer,Enrofloxacin,41.0,ng/L,Reported value,river water,Ground truth workbook: Paper-5 concentration table,Unit inferred from the paper context because the worksheet does not include a unit column.
Y-8,Summer,Estrone,650.0,ng/L,Reported value,river water,Ground truth workbook: Paper-5 concentration table,Unit inferred from the paper context because the worksheet does not include a unit column.
Y-8,Summer,Gemfibrozil,340.0,ng/L,Reported value,river water,Ground truth workbook: Paper-5 concentration table,Unit inferred from the paper context because the worksheet does not include a unit column.
Y-8,Summer,Ketoprofen,300.0,ng/L,Reported value,river water,Ground truth workbook: Paper-5 concentration table,Unit inferred from the paper context because the worksheet does not include a unit column.
Y-8,Summer,Naproxen,200.0,ng/L,Reported value,river water,Ground truth workbook: Paper-5 concentration table,Unit inferred from the paper context because the worksheet does not include a unit column.
Y-8,Summer,Progesterone,290.0,ng/L,Reported value,river water,Ground truth workbook: Paper-5 concentration table,Unit inferred from the paper context because the worksheet does not include a unit column.
Y-8,Summer,Sulfamethoxazole,55.0,ng/L,Reported value,river water,Ground truth workbook: Paper-5 concentration table,Unit inferred from the paper context because the worksheet does not include a unit column.
Y-8,Summer,Testosterone,180.0,ng/L,Reported value,river water,Ground truth workbook: Paper-5 concentration table,Unit inferred from the paper context because the worksheet does not include a unit column.
Y-8,Summer,Triclosan,22.0,ng/L,Reported value,river water,Ground truth workbook: Paper-5 concentration table,Unit inferred from the paper context because the worksheet does not include a unit column.
Y-8,Summer,Trimethoprim,2300.0,ng/L,Reported value,river water,Ground truth workbook: Paper-5 concentration table,Unit inferred from the paper context because the worksheet does not include a unit column.
Y-9,Post-monsoon,2-hydroxybenzothiazole,225.0,ng/L,Reported value,river water,Ground truth workbook: Paper-5 concentration table,Unit inferred from the paper context because the worksheet does not include a unit column.
Y-9,Post-monsoon,Atenolol,65.0,ng/L,Reported value,river water,Ground truth workbook: Paper-5 concentration table,Unit inferred from the paper context because the worksheet does not include a unit column.
Y-9,Post-monsoon,Caffeine,90.0,ng/L,Reported value,river water,Ground truth workbook: Paper-5 concentration table,Unit inferred from the paper context because the worksheet does not include a unit column.
Y-9,Post-monsoon,Carbamazepine,90.0,ng/L,Reported value,river water,Ground truth workbook: Paper-5 concentration table,Unit inferred from the paper context because the worksheet does not include a unit column.
Y-9,Post-monsoon,Ciprofloxacin,120.0,ng/L,Reported value,river water,Ground truth workbook: Paper-5 concentration table,Unit inferred from the paper context because the worksheet does not include a unit column.
Y-9,Post-monsoon,Diclofenac,172.0,ng/L,Reported value,river water,Ground truth workbook: Paper-5 concentration table,Unit inferred from the paper context because the worksheet does not include a unit column.
Y-9,Post-monsoon,Enrofloxacin,41.0,ng/L,Reported value,river water,Ground truth workbook: Paper-5 concentration table,Unit inferred from the paper context because the worksheet does not include a unit column.
Y-9,Post-monsoon,Estrone,170.0,ng/L,Reported value,river water,Ground truth workbook: Paper-5 concentration table,Unit inferred from the paper context because the worksheet does not include a unit column.
Y-9,Post-monsoon,Gemfibrozil,320.0,ng/L,Reported value,river water,Ground truth workbook: Paper-5 concentration table,Unit inferred from the paper context because the worksheet does not include a unit column.
Y-9,Post-monsoon,Ketoprofen,90.0,ng/L,Reported value,river water,Ground truth workbook: Paper-5 concentration table,Unit inferred from the paper context because the worksheet does not include a unit column.
Y-9,Post-monsoon,Naproxen,180.0,ng/L,Reported value,river water,Ground truth workbook: Paper-5 concentration table,Unit inferred from the paper context because the worksheet does not include a unit column.
Y-9,Post-monsoon,Progesterone,75.0,ng/L,Reported value,river water,Ground truth workbook: Paper-5 concentration table,Unit inferred from the paper context because the worksheet does not include a unit column.
Y-9,Post-monsoon,Sulfamethoxazole,290.0,ng/L,Reported value,river water,Ground truth workbook: Paper-5 concentration table,Unit inferred from the paper context because the worksheet does not include a unit column.
Y-9,Post-monsoon,Testosterone,68.0,ng/L,Reported value,river water,Ground truth workbook: Paper-5 concentration table,Unit inferred from the paper context because the worksheet does not include a unit column.
Y-9,Post-monsoon,Triclosan,0.0,ng/L,Reported value,river water,Ground truth workbook: Paper-5 concentration table,Unit inferred from the paper context because the worksheet does not include a unit column.
Y-9,Post-monsoon,Trimethoprim,1400.0,ng/L,Reported value,river water,Ground truth workbook: Paper-5 concentration table,Unit inferred from the paper context because the worksheet does not include a unit column.
Y-9,Summer,2-hydroxybenzothiazole,240.0,ng/L,Reported value,river water,Ground truth workbook: Paper-5 concentration table,Unit inferred from the paper context because the worksheet does not include a unit column.
Y-9,Summer,Atenolol,0.0,ng/L,Reported value,river water,Ground truth workbook: Paper-5 concentration table,Unit inferred from the paper context because the worksheet does not include a unit column.
Y-9,Summer,Caffeine,180.0,ng/L,Reported value,river water,Ground truth workbook: Paper-5 concentration table,Unit inferred from the paper context because the worksheet does not include a unit column.
Y-9,Summer,Carbamazepine,65.0,ng/L,Reported value,river water,Ground truth workbook: Paper-5 concentration table,Unit inferred from the paper context because the worksheet does not include a unit column.
Y-9,Summer,Ciprofloxacin,58.0,ng/L,Reported value,river water,Ground truth workbook: Paper-5 concentration table,Unit inferred from the paper context because the worksheet does not include a unit column.
Y-9,Summer,Diclofenac,35.0,ng/L,Reported value,river water,Ground truth workbook: Paper-5 concentration table,Unit inferred from the paper context because the worksheet does not include a unit column.
Y-9,Summer,Enrofloxacin,34.0,ng/L,Reported value,river water,Ground truth workbook: Paper-5 concentration table,Unit inferred from the paper context because the worksheet does not include a unit column.
Y-9,Summer,Estrone,130.0,ng/L,Reported value,river water,Ground truth workbook: Paper-5 concentration table,Unit inferred from the paper context because the worksheet does not include a unit column.
Y-9,Summer,Gemfibrozil,240.0,ng/L,Reported value,river water,Ground truth workbook: Paper-5 concentration table,Unit inferred from the paper context because the worksheet does not include a unit column.
Y-9,Summer,Ketoprofen,40.0,ng/L,Reported value,river water,Ground truth workbook: Paper-5 concentration table,Unit inferred from the paper context because the worksheet does not include a unit column.
Y-9,Summer,Naproxen,40.0,ng/L,Reported value,river water,Ground truth workbook: Paper-5 concentration table,Unit inferred from the paper context because the worksheet does not include a unit column.
Y-9,Summer,Progesterone,75.0,ng/L,Reported value,river water,Ground truth workbook: Paper-5 concentration table,Unit inferred from the paper context because the worksheet does not include a unit column.
Y-9,Summer,Sulfamethoxazole,50.0,ng/L,Reported value,river water,Ground truth workbook: Paper-5 concentration table,Unit inferred from the paper context because the worksheet does not include a unit column.
Y-9,Summer,Testosterone,63.0,ng/L,Reported value,river water,Ground truth workbook: Paper-5 concentration table,Unit inferred from the paper context because the worksheet does not include a unit column.
Y-9,Summer,Triclosan,15.0,ng/L,Reported value,river water,Ground truth workbook: Paper-5 concentration table,Unit inferred from the paper context because the worksheet does not include a unit column.
Y-9,Summer,Trimethoprim,300.0,ng/L,Reported value,river water,Ground truth workbook: Paper-5 concentration table,Unit inferred from the paper context because the worksheet does not include a unit column.
