site_id,parameter_id,time_period,raw_value,mean_value,std_dev,min_value,max_value,n_observations,aggregation_level,limit_qualifier,detection_limit,unit,original_source_citation,source_location,source_quote,extraction_issues
,P1,Pre-monsoon season,,,,28.6,31.6,,range across sites,,,0C,"Vaid, M., Sarma, K., Kala, P. & Gupta, A. The plight of Najafgarh drain in NCT of Delhi, India: assessment of the sources, statistical water quality evaluation, and fate of water pollutants. Environ Sci Pollut Res 29, 90580190600 (2022). https://doi.org/10.1007/s11356-022-21710-z","Table 4, page 8",TEMP (0C) 28.6 (S5) 31.6 (S4),"Table 4, page 8: For Chromium (Cr) pre-monsoon, the minimum value is reported as 'ND*' (Not Detected) for sites S2, S5, S7, while the maximum is 0.09 ppm for S1, S6. The schema does not directly support a range where the minimum is a detection limit and the maximum is a detected value. Represented as max_value 0.09, min_value null, limit_qualifier null.; Table 4, page 8: For Chromium (Cr) post-monsoon, the minimum value is reported as 'ND*' (Not Detected) for sites S2, S3, S4, S7, while the maximum is 0.43 ppm for S6. The schema does not directly support a range where the minimum is a detection limit and the maximum is a detected value. Represented as max_value 0.43, min_value null, limit_qualifier null.; Table 4, page 8: For Lead (Pb) post-monsoon, the minimum value is reported as 'ND*' (Not Detected) for sites S3, S4, S5, S8, while the maximum is 0.06 ppm for S6. The schema does not directly support a range where the minimum is a detection limit and the maximum is a detected value. Represented as max_value 0.06, min_value null, limit_qualifier null.; Table 4, page 8: For Cadmium (Cd) post-monsoon, the minimum value is reported as 'ND*' (Not Detected) for sites S1-S5, S7, S8, while the maximum is 0.006 ppm for S6. The schema does not directly support a range where the minimum is a detection limit and the maximum is a detected value. Represented as max_value 0.006, min_value null, limit_qualifier null."
,P1,Post-monsoon season,,,,21.2,25.7,,range across sites,,,0C,"Vaid, M., Sarma, K., Kala, P. & Gupta, A. The plight of Najafgarh drain in NCT of Delhi, India: assessment of the sources, statistical water quality evaluation, and fate of water pollutants. Environ Sci Pollut Res 29, 90580190600 (2022). https://doi.org/10.1007/s11356-022-21710-z","Table 4, page 8",TEMP (0C) 21.2 (S7) 25.7 (S2),"Table 4, page 8: For Chromium (Cr) pre-monsoon, the minimum value is reported as 'ND*' (Not Detected) for sites S2, S5, S7, while the maximum is 0.09 ppm for S1, S6. The schema does not directly support a range where the minimum is a detection limit and the maximum is a detected value. Represented as max_value 0.09, min_value null, limit_qualifier null.; Table 4, page 8: For Chromium (Cr) post-monsoon, the minimum value is reported as 'ND*' (Not Detected) for sites S2, S3, S4, S7, while the maximum is 0.43 ppm for S6. The schema does not directly support a range where the minimum is a detection limit and the maximum is a detected value. Represented as max_value 0.43, min_value null, limit_qualifier null.; Table 4, page 8: For Lead (Pb) post-monsoon, the minimum value is reported as 'ND*' (Not Detected) for sites S3, S4, S5, S8, while the maximum is 0.06 ppm for S6. The schema does not directly support a range where the minimum is a detection limit and the maximum is a detected value. Represented as max_value 0.06, min_value null, limit_qualifier null.; Table 4, page 8: For Cadmium (Cd) post-monsoon, the minimum value is reported as 'ND*' (Not Detected) for sites S1-S5, S7, S8, while the maximum is 0.006 ppm for S6. The schema does not directly support a range where the minimum is a detection limit and the maximum is a detected value. Represented as max_value 0.006, min_value null, limit_qualifier null."
,P2,Pre-monsoon season,,,,6.2,6.7,,range across sites,,,,"Vaid, M., Sarma, K., Kala, P. & Gupta, A. The plight of Najafgarh drain in NCT of Delhi, India: assessment of the sources, statistical water quality evaluation, and fate of water pollutants. Environ Sci Pollut Res 29, 90580190600 (2022). https://doi.org/10.1007/s11356-022-21710-z","Table 4, page 8",pH 6.2 (S2) 6.7 (S4),"Table 4, page 8: For Chromium (Cr) pre-monsoon, the minimum value is reported as 'ND*' (Not Detected) for sites S2, S5, S7, while the maximum is 0.09 ppm for S1, S6. The schema does not directly support a range where the minimum is a detection limit and the maximum is a detected value. Represented as max_value 0.09, min_value null, limit_qualifier null.; Table 4, page 8: For Chromium (Cr) post-monsoon, the minimum value is reported as 'ND*' (Not Detected) for sites S2, S3, S4, S7, while the maximum is 0.43 ppm for S6. The schema does not directly support a range where the minimum is a detection limit and the maximum is a detected value. Represented as max_value 0.43, min_value null, limit_qualifier null.; Table 4, page 8: For Lead (Pb) post-monsoon, the minimum value is reported as 'ND*' (Not Detected) for sites S3, S4, S5, S8, while the maximum is 0.06 ppm for S6. The schema does not directly support a range where the minimum is a detection limit and the maximum is a detected value. Represented as max_value 0.06, min_value null, limit_qualifier null.; Table 4, page 8: For Cadmium (Cd) post-monsoon, the minimum value is reported as 'ND*' (Not Detected) for sites S1-S5, S7, S8, while the maximum is 0.006 ppm for S6. The schema does not directly support a range where the minimum is a detection limit and the maximum is a detected value. Represented as max_value 0.006, min_value null, limit_qualifier null."
,P2,Post-monsoon season,,,,6.8,7.8,,range across sites,,,,"Vaid, M., Sarma, K., Kala, P. & Gupta, A. The plight of Najafgarh drain in NCT of Delhi, India: assessment of the sources, statistical water quality evaluation, and fate of water pollutants. Environ Sci Pollut Res 29, 90580190600 (2022). https://doi.org/10.1007/s11356-022-21710-z","Table 4, page 8",pH 6.8 (S7) 7.8 (S1),"Table 4, page 8: For Chromium (Cr) pre-monsoon, the minimum value is reported as 'ND*' (Not Detected) for sites S2, S5, S7, while the maximum is 0.09 ppm for S1, S6. The schema does not directly support a range where the minimum is a detection limit and the maximum is a detected value. Represented as max_value 0.09, min_value null, limit_qualifier null.; Table 4, page 8: For Chromium (Cr) post-monsoon, the minimum value is reported as 'ND*' (Not Detected) for sites S2, S3, S4, S7, while the maximum is 0.43 ppm for S6. The schema does not directly support a range where the minimum is a detection limit and the maximum is a detected value. Represented as max_value 0.43, min_value null, limit_qualifier null.; Table 4, page 8: For Lead (Pb) post-monsoon, the minimum value is reported as 'ND*' (Not Detected) for sites S3, S4, S5, S8, while the maximum is 0.06 ppm for S6. The schema does not directly support a range where the minimum is a detection limit and the maximum is a detected value. Represented as max_value 0.06, min_value null, limit_qualifier null.; Table 4, page 8: For Cadmium (Cd) post-monsoon, the minimum value is reported as 'ND*' (Not Detected) for sites S1-S5, S7, S8, while the maximum is 0.006 ppm for S6. The schema does not directly support a range where the minimum is a detection limit and the maximum is a detected value. Represented as max_value 0.006, min_value null, limit_qualifier null."
,P6,Pre-monsoon season,,,,41.7,731.0,,range across sites,,,NTU,"Vaid, M., Sarma, K., Kala, P. & Gupta, A. The plight of Najafgarh drain in NCT of Delhi, India: assessment of the sources, statistical water quality evaluation, and fate of water pollutants. Environ Sci Pollut Res 29, 90580190600 (2022). https://doi.org/10.1007/s11356-022-21710-z","Table 4, page 8",TURB (NTU) 41.7 (S7) 731.0 (S2),"Table 4, page 8: For Chromium (Cr) pre-monsoon, the minimum value is reported as 'ND*' (Not Detected) for sites S2, S5, S7, while the maximum is 0.09 ppm for S1, S6. The schema does not directly support a range where the minimum is a detection limit and the maximum is a detected value. Represented as max_value 0.09, min_value null, limit_qualifier null.; Table 4, page 8: For Chromium (Cr) post-monsoon, the minimum value is reported as 'ND*' (Not Detected) for sites S2, S3, S4, S7, while the maximum is 0.43 ppm for S6. The schema does not directly support a range where the minimum is a detection limit and the maximum is a detected value. Represented as max_value 0.43, min_value null, limit_qualifier null.; Table 4, page 8: For Lead (Pb) post-monsoon, the minimum value is reported as 'ND*' (Not Detected) for sites S3, S4, S5, S8, while the maximum is 0.06 ppm for S6. The schema does not directly support a range where the minimum is a detection limit and the maximum is a detected value. Represented as max_value 0.06, min_value null, limit_qualifier null.; Table 4, page 8: For Cadmium (Cd) post-monsoon, the minimum value is reported as 'ND*' (Not Detected) for sites S1-S5, S7, S8, while the maximum is 0.006 ppm for S6. The schema does not directly support a range where the minimum is a detection limit and the maximum is a detected value. Represented as max_value 0.006, min_value null, limit_qualifier null."
,P6,Post-monsoon season,,,,11.3,1768.0,,range across sites,,,NTU,"Vaid, M., Sarma, K., Kala, P. & Gupta, A. The plight of Najafgarh drain in NCT of Delhi, India: assessment of the sources, statistical water quality evaluation, and fate of water pollutants. Environ Sci Pollut Res 29, 90580190600 (2022). https://doi.org/10.1007/s11356-022-21710-z","Table 4, page 8",TURB (NTU) 11.3 (S6) 1768.0 (S2),"Table 4, page 8: For Chromium (Cr) pre-monsoon, the minimum value is reported as 'ND*' (Not Detected) for sites S2, S5, S7, while the maximum is 0.09 ppm for S1, S6. The schema does not directly support a range where the minimum is a detection limit and the maximum is a detected value. Represented as max_value 0.09, min_value null, limit_qualifier null.; Table 4, page 8: For Chromium (Cr) post-monsoon, the minimum value is reported as 'ND*' (Not Detected) for sites S2, S3, S4, S7, while the maximum is 0.43 ppm for S6. The schema does not directly support a range where the minimum is a detection limit and the maximum is a detected value. Represented as max_value 0.43, min_value null, limit_qualifier null.; Table 4, page 8: For Lead (Pb) post-monsoon, the minimum value is reported as 'ND*' (Not Detected) for sites S3, S4, S5, S8, while the maximum is 0.06 ppm for S6. The schema does not directly support a range where the minimum is a detection limit and the maximum is a detected value. Represented as max_value 0.06, min_value null, limit_qualifier null.; Table 4, page 8: For Cadmium (Cd) post-monsoon, the minimum value is reported as 'ND*' (Not Detected) for sites S1-S5, S7, S8, while the maximum is 0.006 ppm for S6. The schema does not directly support a range where the minimum is a detection limit and the maximum is a detected value. Represented as max_value 0.006, min_value null, limit_qualifier null."
,P3,Pre-monsoon season,,,,546.0,3560.0,,range across sites,,,5S/cm,"Vaid, M., Sarma, K., Kala, P. & Gupta, A. The plight of Najafgarh drain in NCT of Delhi, India: assessment of the sources, statistical water quality evaluation, and fate of water pollutants. Environ Sci Pollut Res 29, 90580190600 (2022). https://doi.org/10.1007/s11356-022-21710-z","Table 4, page 8",EC (5S/cm) 546 (S7) 3560 (S4),"Table 4, page 8: For Chromium (Cr) pre-monsoon, the minimum value is reported as 'ND*' (Not Detected) for sites S2, S5, S7, while the maximum is 0.09 ppm for S1, S6. The schema does not directly support a range where the minimum is a detection limit and the maximum is a detected value. Represented as max_value 0.09, min_value null, limit_qualifier null.; Table 4, page 8: For Chromium (Cr) post-monsoon, the minimum value is reported as 'ND*' (Not Detected) for sites S2, S3, S4, S7, while the maximum is 0.43 ppm for S6. The schema does not directly support a range where the minimum is a detection limit and the maximum is a detected value. Represented as max_value 0.43, min_value null, limit_qualifier null.; Table 4, page 8: For Lead (Pb) post-monsoon, the minimum value is reported as 'ND*' (Not Detected) for sites S3, S4, S5, S8, while the maximum is 0.06 ppm for S6. The schema does not directly support a range where the minimum is a detection limit and the maximum is a detected value. Represented as max_value 0.06, min_value null, limit_qualifier null.; Table 4, page 8: For Cadmium (Cd) post-monsoon, the minimum value is reported as 'ND*' (Not Detected) for sites S1-S5, S7, S8, while the maximum is 0.006 ppm for S6. The schema does not directly support a range where the minimum is a detection limit and the maximum is a detected value. Represented as max_value 0.006, min_value null, limit_qualifier null."
,P3,Post-monsoon season,,,,605.0,4390.0,,range across sites,,,5S/cm,"Vaid, M., Sarma, K., Kala, P. & Gupta, A. The plight of Najafgarh drain in NCT of Delhi, India: assessment of the sources, statistical water quality evaluation, and fate of water pollutants. Environ Sci Pollut Res 29, 90580190600 (2022). https://doi.org/10.1007/s11356-022-21710-z","Table 4, page 8",EC (5S/cm) 605 (S7) 4390 (S2),"Table 4, page 8: For Chromium (Cr) pre-monsoon, the minimum value is reported as 'ND*' (Not Detected) for sites S2, S5, S7, while the maximum is 0.09 ppm for S1, S6. The schema does not directly support a range where the minimum is a detection limit and the maximum is a detected value. Represented as max_value 0.09, min_value null, limit_qualifier null.; Table 4, page 8: For Chromium (Cr) post-monsoon, the minimum value is reported as 'ND*' (Not Detected) for sites S2, S3, S4, S7, while the maximum is 0.43 ppm for S6. The schema does not directly support a range where the minimum is a detection limit and the maximum is a detected value. Represented as max_value 0.43, min_value null, limit_qualifier null.; Table 4, page 8: For Lead (Pb) post-monsoon, the minimum value is reported as 'ND*' (Not Detected) for sites S3, S4, S5, S8, while the maximum is 0.06 ppm for S6. The schema does not directly support a range where the minimum is a detection limit and the maximum is a detected value. Represented as max_value 0.06, min_value null, limit_qualifier null.; Table 4, page 8: For Cadmium (Cd) post-monsoon, the minimum value is reported as 'ND*' (Not Detected) for sites S1-S5, S7, S8, while the maximum is 0.006 ppm for S6. The schema does not directly support a range where the minimum is a detection limit and the maximum is a detected value. Represented as max_value 0.006, min_value null, limit_qualifier null."
,P4,Pre-monsoon season,,,,265.0,1870.0,,range across sites,,,mg/L,"Vaid, M., Sarma, K., Kala, P. & Gupta, A. The plight of Najafgarh drain in NCT of Delhi, India: assessment of the sources, statistical water quality evaluation, and fate of water pollutants. Environ Sci Pollut Res 29, 90580190600 (2022). https://doi.org/10.1007/s11356-022-21710-z","Table 4, page 8",SAL (mg/L) 265 (S7) 1870 (S4),"Table 4, page 8: For Chromium (Cr) pre-monsoon, the minimum value is reported as 'ND*' (Not Detected) for sites S2, S5, S7, while the maximum is 0.09 ppm for S1, S6. The schema does not directly support a range where the minimum is a detection limit and the maximum is a detected value. Represented as max_value 0.09, min_value null, limit_qualifier null.; Table 4, page 8: For Chromium (Cr) post-monsoon, the minimum value is reported as 'ND*' (Not Detected) for sites S2, S3, S4, S7, while the maximum is 0.43 ppm for S6. The schema does not directly support a range where the minimum is a detection limit and the maximum is a detected value. Represented as max_value 0.43, min_value null, limit_qualifier null.; Table 4, page 8: For Lead (Pb) post-monsoon, the minimum value is reported as 'ND*' (Not Detected) for sites S3, S4, S5, S8, while the maximum is 0.06 ppm for S6. The schema does not directly support a range where the minimum is a detection limit and the maximum is a detected value. Represented as max_value 0.06, min_value null, limit_qualifier null.; Table 4, page 8: For Cadmium (Cd) post-monsoon, the minimum value is reported as 'ND*' (Not Detected) for sites S1-S5, S7, S8, while the maximum is 0.006 ppm for S6. The schema does not directly support a range where the minimum is a detection limit and the maximum is a detected value. Represented as max_value 0.006, min_value null, limit_qualifier null."
,P4,Post-monsoon season,,,,301.0,2400.0,,range across sites,,,mg/L,"Vaid, M., Sarma, K., Kala, P. & Gupta, A. The plight of Najafgarh drain in NCT of Delhi, India: assessment of the sources, statistical water quality evaluation, and fate of water pollutants. Environ Sci Pollut Res 29, 90580190600 (2022). https://doi.org/10.1007/s11356-022-21710-z","Table 4, page 8",SAL (mg/L) 301 (S7) 2400 (S2),"Table 4, page 8: For Chromium (Cr) pre-monsoon, the minimum value is reported as 'ND*' (Not Detected) for sites S2, S5, S7, while the maximum is 0.09 ppm for S1, S6. The schema does not directly support a range where the minimum is a detection limit and the maximum is a detected value. Represented as max_value 0.09, min_value null, limit_qualifier null.; Table 4, page 8: For Chromium (Cr) post-monsoon, the minimum value is reported as 'ND*' (Not Detected) for sites S2, S3, S4, S7, while the maximum is 0.43 ppm for S6. The schema does not directly support a range where the minimum is a detection limit and the maximum is a detected value. Represented as max_value 0.43, min_value null, limit_qualifier null.; Table 4, page 8: For Lead (Pb) post-monsoon, the minimum value is reported as 'ND*' (Not Detected) for sites S3, S4, S5, S8, while the maximum is 0.06 ppm for S6. The schema does not directly support a range where the minimum is a detection limit and the maximum is a detected value. Represented as max_value 0.06, min_value null, limit_qualifier null.; Table 4, page 8: For Cadmium (Cd) post-monsoon, the minimum value is reported as 'ND*' (Not Detected) for sites S1-S5, S7, S8, while the maximum is 0.006 ppm for S6. The schema does not directly support a range where the minimum is a detection limit and the maximum is a detected value. Represented as max_value 0.006, min_value null, limit_qualifier null."
,P5,Pre-monsoon season,,,,387.0,2530.0,,range across sites,,,mg/L,"Vaid, M., Sarma, K., Kala, P. & Gupta, A. The plight of Najafgarh drain in NCT of Delhi, India: assessment of the sources, statistical water quality evaluation, and fate of water pollutants. Environ Sci Pollut Res 29, 90580190600 (2022). https://doi.org/10.1007/s11356-022-21710-z","Table 4, page 8",TDS (mg/L) 387 (S7) 2530 (S4),"Table 4, page 8: For Chromium (Cr) pre-monsoon, the minimum value is reported as 'ND*' (Not Detected) for sites S2, S5, S7, while the maximum is 0.09 ppm for S1, S6. The schema does not directly support a range where the minimum is a detection limit and the maximum is a detected value. Represented as max_value 0.09, min_value null, limit_qualifier null.; Table 4, page 8: For Chromium (Cr) post-monsoon, the minimum value is reported as 'ND*' (Not Detected) for sites S2, S3, S4, S7, while the maximum is 0.43 ppm for S6. The schema does not directly support a range where the minimum is a detection limit and the maximum is a detected value. Represented as max_value 0.43, min_value null, limit_qualifier null.; Table 4, page 8: For Lead (Pb) post-monsoon, the minimum value is reported as 'ND*' (Not Detected) for sites S3, S4, S5, S8, while the maximum is 0.06 ppm for S6. The schema does not directly support a range where the minimum is a detection limit and the maximum is a detected value. Represented as max_value 0.06, min_value null, limit_qualifier null.; Table 4, page 8: For Cadmium (Cd) post-monsoon, the minimum value is reported as 'ND*' (Not Detected) for sites S1-S5, S7, S8, while the maximum is 0.006 ppm for S6. The schema does not directly support a range where the minimum is a detection limit and the maximum is a detected value. Represented as max_value 0.006, min_value null, limit_qualifier null."
,P5,Post-monsoon season,,,,428.0,3120.0,,range across sites,,,mg/L,"Vaid, M., Sarma, K., Kala, P. & Gupta, A. The plight of Najafgarh drain in NCT of Delhi, India: assessment of the sources, statistical water quality evaluation, and fate of water pollutants. Environ Sci Pollut Res 29, 90580190600 (2022). https://doi.org/10.1007/s11356-022-21710-z","Table 4, page 8",TDS (mg/L) 428 (S7) 3120 (S2),"Table 4, page 8: For Chromium (Cr) pre-monsoon, the minimum value is reported as 'ND*' (Not Detected) for sites S2, S5, S7, while the maximum is 0.09 ppm for S1, S6. The schema does not directly support a range where the minimum is a detection limit and the maximum is a detected value. Represented as max_value 0.09, min_value null, limit_qualifier null.; Table 4, page 8: For Chromium (Cr) post-monsoon, the minimum value is reported as 'ND*' (Not Detected) for sites S2, S3, S4, S7, while the maximum is 0.43 ppm for S6. The schema does not directly support a range where the minimum is a detection limit and the maximum is a detected value. Represented as max_value 0.43, min_value null, limit_qualifier null.; Table 4, page 8: For Lead (Pb) post-monsoon, the minimum value is reported as 'ND*' (Not Detected) for sites S3, S4, S5, S8, while the maximum is 0.06 ppm for S6. The schema does not directly support a range where the minimum is a detection limit and the maximum is a detected value. Represented as max_value 0.06, min_value null, limit_qualifier null.; Table 4, page 8: For Cadmium (Cd) post-monsoon, the minimum value is reported as 'ND*' (Not Detected) for sites S1-S5, S7, S8, while the maximum is 0.006 ppm for S6. The schema does not directly support a range where the minimum is a detection limit and the maximum is a detected value. Represented as max_value 0.006, min_value null, limit_qualifier null."
,P13,Pre-monsoon season,,,,30.0,874.7,,range across sites,,,mg/L,"Vaid, M., Sarma, K., Kala, P. & Gupta, A. The plight of Najafgarh drain in NCT of Delhi, India: assessment of the sources, statistical water quality evaluation, and fate of water pollutants. Environ Sci Pollut Res 29, 90580190600 (2022). https://doi.org/10.1007/s11356-022-21710-z","Table 4, page 8",Cl- (mg/L) 30.0 (S7) 874.7 (S4),"Table 4, page 8: For Chromium (Cr) pre-monsoon, the minimum value is reported as 'ND*' (Not Detected) for sites S2, S5, S7, while the maximum is 0.09 ppm for S1, S6. The schema does not directly support a range where the minimum is a detection limit and the maximum is a detected value. Represented as max_value 0.09, min_value null, limit_qualifier null.; Table 4, page 8: For Chromium (Cr) post-monsoon, the minimum value is reported as 'ND*' (Not Detected) for sites S2, S3, S4, S7, while the maximum is 0.43 ppm for S6. The schema does not directly support a range where the minimum is a detection limit and the maximum is a detected value. Represented as max_value 0.43, min_value null, limit_qualifier null.; Table 4, page 8: For Lead (Pb) post-monsoon, the minimum value is reported as 'ND*' (Not Detected) for sites S3, S4, S5, S8, while the maximum is 0.06 ppm for S6. The schema does not directly support a range where the minimum is a detection limit and the maximum is a detected value. Represented as max_value 0.06, min_value null, limit_qualifier null.; Table 4, page 8: For Cadmium (Cd) post-monsoon, the minimum value is reported as 'ND*' (Not Detected) for sites S1-S5, S7, S8, while the maximum is 0.006 ppm for S6. The schema does not directly support a range where the minimum is a detection limit and the maximum is a detected value. Represented as max_value 0.006, min_value null, limit_qualifier null."
,P13,Post-monsoon season,,,,5.0,707.3,,range across sites,,,mg/L,"Vaid, M., Sarma, K., Kala, P. & Gupta, A. The plight of Najafgarh drain in NCT of Delhi, India: assessment of the sources, statistical water quality evaluation, and fate of water pollutants. Environ Sci Pollut Res 29, 90580190600 (2022). https://doi.org/10.1007/s11356-022-21710-z","Table 4, page 8",Cl- (mg/L) 5.0 (S7) 707.3 (S2),"Table 4, page 8: For Chromium (Cr) pre-monsoon, the minimum value is reported as 'ND*' (Not Detected) for sites S2, S5, S7, while the maximum is 0.09 ppm for S1, S6. The schema does not directly support a range where the minimum is a detection limit and the maximum is a detected value. Represented as max_value 0.09, min_value null, limit_qualifier null.; Table 4, page 8: For Chromium (Cr) post-monsoon, the minimum value is reported as 'ND*' (Not Detected) for sites S2, S3, S4, S7, while the maximum is 0.43 ppm for S6. The schema does not directly support a range where the minimum is a detection limit and the maximum is a detected value. Represented as max_value 0.43, min_value null, limit_qualifier null.; Table 4, page 8: For Lead (Pb) post-monsoon, the minimum value is reported as 'ND*' (Not Detected) for sites S3, S4, S5, S8, while the maximum is 0.06 ppm for S6. The schema does not directly support a range where the minimum is a detection limit and the maximum is a detected value. Represented as max_value 0.06, min_value null, limit_qualifier null.; Table 4, page 8: For Cadmium (Cd) post-monsoon, the minimum value is reported as 'ND*' (Not Detected) for sites S1-S5, S7, S8, while the maximum is 0.006 ppm for S6. The schema does not directly support a range where the minimum is a detection limit and the maximum is a detected value. Represented as max_value 0.006, min_value null, limit_qualifier null."
,P14,Pre-monsoon season,,,,74.0,2300.0,,range across sites,,,mg/L,"Vaid, M., Sarma, K., Kala, P. & Gupta, A. The plight of Najafgarh drain in NCT of Delhi, India: assessment of the sources, statistical water quality evaluation, and fate of water pollutants. Environ Sci Pollut Res 29, 90580190600 (2022). https://doi.org/10.1007/s11356-022-21710-z","Table 4, page 8",TSS (mg/L) 74 (S5) 2300 (S2),"Table 4, page 8: For Chromium (Cr) pre-monsoon, the minimum value is reported as 'ND*' (Not Detected) for sites S2, S5, S7, while the maximum is 0.09 ppm for S1, S6. The schema does not directly support a range where the minimum is a detection limit and the maximum is a detected value. Represented as max_value 0.09, min_value null, limit_qualifier null.; Table 4, page 8: For Chromium (Cr) post-monsoon, the minimum value is reported as 'ND*' (Not Detected) for sites S2, S3, S4, S7, while the maximum is 0.43 ppm for S6. The schema does not directly support a range where the minimum is a detection limit and the maximum is a detected value. Represented as max_value 0.43, min_value null, limit_qualifier null.; Table 4, page 8: For Lead (Pb) post-monsoon, the minimum value is reported as 'ND*' (Not Detected) for sites S3, S4, S5, S8, while the maximum is 0.06 ppm for S6. The schema does not directly support a range where the minimum is a detection limit and the maximum is a detected value. Represented as max_value 0.06, min_value null, limit_qualifier null.; Table 4, page 8: For Cadmium (Cd) post-monsoon, the minimum value is reported as 'ND*' (Not Detected) for sites S1-S5, S7, S8, while the maximum is 0.006 ppm for S6. The schema does not directly support a range where the minimum is a detection limit and the maximum is a detected value. Represented as max_value 0.006, min_value null, limit_qualifier null."
,P14,Post-monsoon season,,,,11.0,2500.0,,range across sites,,,mg/L,"Vaid, M., Sarma, K., Kala, P. & Gupta, A. The plight of Najafgarh drain in NCT of Delhi, India: assessment of the sources, statistical water quality evaluation, and fate of water pollutants. Environ Sci Pollut Res 29, 90580190600 (2022). https://doi.org/10.1007/s11356-022-21710-z","Table 4, page 8",TSS (mg/L) 11 (S4) 2500 (S2),"Table 4, page 8: For Chromium (Cr) pre-monsoon, the minimum value is reported as 'ND*' (Not Detected) for sites S2, S5, S7, while the maximum is 0.09 ppm for S1, S6. The schema does not directly support a range where the minimum is a detection limit and the maximum is a detected value. Represented as max_value 0.09, min_value null, limit_qualifier null.; Table 4, page 8: For Chromium (Cr) post-monsoon, the minimum value is reported as 'ND*' (Not Detected) for sites S2, S3, S4, S7, while the maximum is 0.43 ppm for S6. The schema does not directly support a range where the minimum is a detection limit and the maximum is a detected value. Represented as max_value 0.43, min_value null, limit_qualifier null.; Table 4, page 8: For Lead (Pb) post-monsoon, the minimum value is reported as 'ND*' (Not Detected) for sites S3, S4, S5, S8, while the maximum is 0.06 ppm for S6. The schema does not directly support a range where the minimum is a detection limit and the maximum is a detected value. Represented as max_value 0.06, min_value null, limit_qualifier null.; Table 4, page 8: For Cadmium (Cd) post-monsoon, the minimum value is reported as 'ND*' (Not Detected) for sites S1-S5, S7, S8, while the maximum is 0.006 ppm for S6. The schema does not directly support a range where the minimum is a detection limit and the maximum is a detected value. Represented as max_value 0.006, min_value null, limit_qualifier null."
,P7,Pre-monsoon season,,,,,,,range across sites,<,,mg/L,"Vaid, M., Sarma, K., Kala, P. & Gupta, A. The plight of Najafgarh drain in NCT of Delhi, India: assessment of the sources, statistical water quality evaluation, and fate of water pollutants. Environ Sci Pollut Res 29, 90580190600 (2022). https://doi.org/10.1007/s11356-022-21710-z","Table 4, page 8",DO (mg/L) ND* (S1-S8) ND* (S1-S8),"Table 4, page 8: For Chromium (Cr) pre-monsoon, the minimum value is reported as 'ND*' (Not Detected) for sites S2, S5, S7, while the maximum is 0.09 ppm for S1, S6. The schema does not directly support a range where the minimum is a detection limit and the maximum is a detected value. Represented as max_value 0.09, min_value null, limit_qualifier null.; Table 4, page 8: For Chromium (Cr) post-monsoon, the minimum value is reported as 'ND*' (Not Detected) for sites S2, S3, S4, S7, while the maximum is 0.43 ppm for S6. The schema does not directly support a range where the minimum is a detection limit and the maximum is a detected value. Represented as max_value 0.43, min_value null, limit_qualifier null.; Table 4, page 8: For Lead (Pb) post-monsoon, the minimum value is reported as 'ND*' (Not Detected) for sites S3, S4, S5, S8, while the maximum is 0.06 ppm for S6. The schema does not directly support a range where the minimum is a detection limit and the maximum is a detected value. Represented as max_value 0.06, min_value null, limit_qualifier null.; Table 4, page 8: For Cadmium (Cd) post-monsoon, the minimum value is reported as 'ND*' (Not Detected) for sites S1-S5, S7, S8, while the maximum is 0.006 ppm for S6. The schema does not directly support a range where the minimum is a detection limit and the maximum is a detected value. Represented as max_value 0.006, min_value null, limit_qualifier null."
,P7,Post-monsoon season,,,,,,,range across sites,<,,mg/L,"Vaid, M., Sarma, K., Kala, P. & Gupta, A. The plight of Najafgarh drain in NCT of Delhi, India: assessment of the sources, statistical water quality evaluation, and fate of water pollutants. Environ Sci Pollut Res 29, 90580190600 (2022). https://doi.org/10.1007/s11356-022-21710-z","Table 4, page 8",DO (mg/L) ND* (S1-S8) ND* (S1-S8),"Table 4, page 8: For Chromium (Cr) pre-monsoon, the minimum value is reported as 'ND*' (Not Detected) for sites S2, S5, S7, while the maximum is 0.09 ppm for S1, S6. The schema does not directly support a range where the minimum is a detection limit and the maximum is a detected value. Represented as max_value 0.09, min_value null, limit_qualifier null.; Table 4, page 8: For Chromium (Cr) post-monsoon, the minimum value is reported as 'ND*' (Not Detected) for sites S2, S3, S4, S7, while the maximum is 0.43 ppm for S6. The schema does not directly support a range where the minimum is a detection limit and the maximum is a detected value. Represented as max_value 0.43, min_value null, limit_qualifier null.; Table 4, page 8: For Lead (Pb) post-monsoon, the minimum value is reported as 'ND*' (Not Detected) for sites S3, S4, S5, S8, while the maximum is 0.06 ppm for S6. The schema does not directly support a range where the minimum is a detection limit and the maximum is a detected value. Represented as max_value 0.06, min_value null, limit_qualifier null.; Table 4, page 8: For Cadmium (Cd) post-monsoon, the minimum value is reported as 'ND*' (Not Detected) for sites S1-S5, S7, S8, while the maximum is 0.006 ppm for S6. The schema does not directly support a range where the minimum is a detection limit and the maximum is a detected value. Represented as max_value 0.006, min_value null, limit_qualifier null."
,P8,Pre-monsoon season,,,,32.8,626.8,,range across sites,,,mg/L,"Vaid, M., Sarma, K., Kala, P. & Gupta, A. The plight of Najafgarh drain in NCT of Delhi, India: assessment of the sources, statistical water quality evaluation, and fate of water pollutants. Environ Sci Pollut Res 29, 90580190600 (2022). https://doi.org/10.1007/s11356-022-21710-z","Table 4, page 8",BOD (mg/L) 32.8 (S4) 626.8 (S2),"Table 4, page 8: For Chromium (Cr) pre-monsoon, the minimum value is reported as 'ND*' (Not Detected) for sites S2, S5, S7, while the maximum is 0.09 ppm for S1, S6. The schema does not directly support a range where the minimum is a detection limit and the maximum is a detected value. Represented as max_value 0.09, min_value null, limit_qualifier null.; Table 4, page 8: For Chromium (Cr) post-monsoon, the minimum value is reported as 'ND*' (Not Detected) for sites S2, S3, S4, S7, while the maximum is 0.43 ppm for S6. The schema does not directly support a range where the minimum is a detection limit and the maximum is a detected value. Represented as max_value 0.43, min_value null, limit_qualifier null.; Table 4, page 8: For Lead (Pb) post-monsoon, the minimum value is reported as 'ND*' (Not Detected) for sites S3, S4, S5, S8, while the maximum is 0.06 ppm for S6. The schema does not directly support a range where the minimum is a detection limit and the maximum is a detected value. Represented as max_value 0.06, min_value null, limit_qualifier null.; Table 4, page 8: For Cadmium (Cd) post-monsoon, the minimum value is reported as 'ND*' (Not Detected) for sites S1-S5, S7, S8, while the maximum is 0.006 ppm for S6. The schema does not directly support a range where the minimum is a detection limit and the maximum is a detected value. Represented as max_value 0.006, min_value null, limit_qualifier null."
,P8,Post-monsoon season,,,,32.8,664.2,,range across sites,,,mg/L,"Vaid, M., Sarma, K., Kala, P. & Gupta, A. The plight of Najafgarh drain in NCT of Delhi, India: assessment of the sources, statistical water quality evaluation, and fate of water pollutants. Environ Sci Pollut Res 29, 90580190600 (2022). https://doi.org/10.1007/s11356-022-21710-z","Table 4, page 8",BOD (mg/L) 32.8 (S4) 664.2 (S2),"Table 4, page 8: For Chromium (Cr) pre-monsoon, the minimum value is reported as 'ND*' (Not Detected) for sites S2, S5, S7, while the maximum is 0.09 ppm for S1, S6. The schema does not directly support a range where the minimum is a detection limit and the maximum is a detected value. Represented as max_value 0.09, min_value null, limit_qualifier null.; Table 4, page 8: For Chromium (Cr) post-monsoon, the minimum value is reported as 'ND*' (Not Detected) for sites S2, S3, S4, S7, while the maximum is 0.43 ppm for S6. The schema does not directly support a range where the minimum is a detection limit and the maximum is a detected value. Represented as max_value 0.43, min_value null, limit_qualifier null.; Table 4, page 8: For Lead (Pb) post-monsoon, the minimum value is reported as 'ND*' (Not Detected) for sites S3, S4, S5, S8, while the maximum is 0.06 ppm for S6. The schema does not directly support a range where the minimum is a detection limit and the maximum is a detected value. Represented as max_value 0.06, min_value null, limit_qualifier null.; Table 4, page 8: For Cadmium (Cd) post-monsoon, the minimum value is reported as 'ND*' (Not Detected) for sites S1-S5, S7, S8, while the maximum is 0.006 ppm for S6. The schema does not directly support a range where the minimum is a detection limit and the maximum is a detected value. Represented as max_value 0.006, min_value null, limit_qualifier null."
,P9,Pre-monsoon season,,,,120.0,3150.0,,range across sites,,,mg/L,"Vaid, M., Sarma, K., Kala, P. & Gupta, A. The plight of Najafgarh drain in NCT of Delhi, India: assessment of the sources, statistical water quality evaluation, and fate of water pollutants. Environ Sci Pollut Res 29, 90580190600 (2022). https://doi.org/10.1007/s11356-022-21710-z","Table 4, page 8",COD (mg/L) 120 (S7) 3150 (S2),"Table 4, page 8: For Chromium (Cr) pre-monsoon, the minimum value is reported as 'ND*' (Not Detected) for sites S2, S5, S7, while the maximum is 0.09 ppm for S1, S6. The schema does not directly support a range where the minimum is a detection limit and the maximum is a detected value. Represented as max_value 0.09, min_value null, limit_qualifier null.; Table 4, page 8: For Chromium (Cr) post-monsoon, the minimum value is reported as 'ND*' (Not Detected) for sites S2, S3, S4, S7, while the maximum is 0.43 ppm for S6. The schema does not directly support a range where the minimum is a detection limit and the maximum is a detected value. Represented as max_value 0.43, min_value null, limit_qualifier null.; Table 4, page 8: For Lead (Pb) post-monsoon, the minimum value is reported as 'ND*' (Not Detected) for sites S3, S4, S5, S8, while the maximum is 0.06 ppm for S6. The schema does not directly support a range where the minimum is a detection limit and the maximum is a detected value. Represented as max_value 0.06, min_value null, limit_qualifier null.; Table 4, page 8: For Cadmium (Cd) post-monsoon, the minimum value is reported as 'ND*' (Not Detected) for sites S1-S5, S7, S8, while the maximum is 0.006 ppm for S6. The schema does not directly support a range where the minimum is a detection limit and the maximum is a detected value. Represented as max_value 0.006, min_value null, limit_qualifier null."
,P9,Post-monsoon season,,,,132.0,4440.0,,range across sites,,,mg/L,"Vaid, M., Sarma, K., Kala, P. & Gupta, A. The plight of Najafgarh drain in NCT of Delhi, India: assessment of the sources, statistical water quality evaluation, and fate of water pollutants. Environ Sci Pollut Res 29, 90580190600 (2022). https://doi.org/10.1007/s11356-022-21710-z","Table 4, page 8",COD (mg/L) 132 (S4) 4440 (S2),"Table 4, page 8: For Chromium (Cr) pre-monsoon, the minimum value is reported as 'ND*' (Not Detected) for sites S2, S5, S7, while the maximum is 0.09 ppm for S1, S6. The schema does not directly support a range where the minimum is a detection limit and the maximum is a detected value. Represented as max_value 0.09, min_value null, limit_qualifier null.; Table 4, page 8: For Chromium (Cr) post-monsoon, the minimum value is reported as 'ND*' (Not Detected) for sites S2, S3, S4, S7, while the maximum is 0.43 ppm for S6. The schema does not directly support a range where the minimum is a detection limit and the maximum is a detected value. Represented as max_value 0.43, min_value null, limit_qualifier null.; Table 4, page 8: For Lead (Pb) post-monsoon, the minimum value is reported as 'ND*' (Not Detected) for sites S3, S4, S5, S8, while the maximum is 0.06 ppm for S6. The schema does not directly support a range where the minimum is a detection limit and the maximum is a detected value. Represented as max_value 0.06, min_value null, limit_qualifier null.; Table 4, page 8: For Cadmium (Cd) post-monsoon, the minimum value is reported as 'ND*' (Not Detected) for sites S1-S5, S7, S8, while the maximum is 0.006 ppm for S6. The schema does not directly support a range where the minimum is a detection limit and the maximum is a detected value. Represented as max_value 0.006, min_value null, limit_qualifier null."
,P10,Pre-monsoon season,,,,4.3,144.7,,range across sites,,,mg/L,"Vaid, M., Sarma, K., Kala, P. & Gupta, A. The plight of Najafgarh drain in NCT of Delhi, India: assessment of the sources, statistical water quality evaluation, and fate of water pollutants. Environ Sci Pollut Res 29, 90580190600 (2022). https://doi.org/10.1007/s11356-022-21710-z","Table 4, page 8",NN (mg/L) 4.3 (S5) 144.7 (S2),"Table 4, page 8: For Chromium (Cr) pre-monsoon, the minimum value is reported as 'ND*' (Not Detected) for sites S2, S5, S7, while the maximum is 0.09 ppm for S1, S6. The schema does not directly support a range where the minimum is a detection limit and the maximum is a detected value. Represented as max_value 0.09, min_value null, limit_qualifier null.; Table 4, page 8: For Chromium (Cr) post-monsoon, the minimum value is reported as 'ND*' (Not Detected) for sites S2, S3, S4, S7, while the maximum is 0.43 ppm for S6. The schema does not directly support a range where the minimum is a detection limit and the maximum is a detected value. Represented as max_value 0.43, min_value null, limit_qualifier null.; Table 4, page 8: For Lead (Pb) post-monsoon, the minimum value is reported as 'ND*' (Not Detected) for sites S3, S4, S5, S8, while the maximum is 0.06 ppm for S6. The schema does not directly support a range where the minimum is a detection limit and the maximum is a detected value. Represented as max_value 0.06, min_value null, limit_qualifier null.; Table 4, page 8: For Cadmium (Cd) post-monsoon, the minimum value is reported as 'ND*' (Not Detected) for sites S1-S5, S7, S8, while the maximum is 0.006 ppm for S6. The schema does not directly support a range where the minimum is a detection limit and the maximum is a detected value. Represented as max_value 0.006, min_value null, limit_qualifier null."
,P10,Post-monsoon season,,,,0.1,9.9,,range across sites,,,mg/L,"Vaid, M., Sarma, K., Kala, P. & Gupta, A. The plight of Najafgarh drain in NCT of Delhi, India: assessment of the sources, statistical water quality evaluation, and fate of water pollutants. Environ Sci Pollut Res 29, 90580190600 (2022). https://doi.org/10.1007/s11356-022-21710-z","Table 4, page 8",NN (mg/L) 0.1 (S1) 9.9 (S2),"Table 4, page 8: For Chromium (Cr) pre-monsoon, the minimum value is reported as 'ND*' (Not Detected) for sites S2, S5, S7, while the maximum is 0.09 ppm for S1, S6. The schema does not directly support a range where the minimum is a detection limit and the maximum is a detected value. Represented as max_value 0.09, min_value null, limit_qualifier null.; Table 4, page 8: For Chromium (Cr) post-monsoon, the minimum value is reported as 'ND*' (Not Detected) for sites S2, S3, S4, S7, while the maximum is 0.43 ppm for S6. The schema does not directly support a range where the minimum is a detection limit and the maximum is a detected value. Represented as max_value 0.43, min_value null, limit_qualifier null.; Table 4, page 8: For Lead (Pb) post-monsoon, the minimum value is reported as 'ND*' (Not Detected) for sites S3, S4, S5, S8, while the maximum is 0.06 ppm for S6. The schema does not directly support a range where the minimum is a detection limit and the maximum is a detected value. Represented as max_value 0.06, min_value null, limit_qualifier null.; Table 4, page 8: For Cadmium (Cd) post-monsoon, the minimum value is reported as 'ND*' (Not Detected) for sites S1-S5, S7, S8, while the maximum is 0.006 ppm for S6. The schema does not directly support a range where the minimum is a detection limit and the maximum is a detected value. Represented as max_value 0.006, min_value null, limit_qualifier null."
,P11,Pre-monsoon season,,,,1.1,4.0,,range across sites,,,mg/L,"Vaid, M., Sarma, K., Kala, P. & Gupta, A. The plight of Najafgarh drain in NCT of Delhi, India: assessment of the sources, statistical water quality evaluation, and fate of water pollutants. Environ Sci Pollut Res 29, 90580190600 (2022). https://doi.org/10.1007/s11356-022-21710-z","Table 4, page 8",PHOS (mg/L) 1.1 (S7) 4.0 (S2),"Table 4, page 8: For Chromium (Cr) pre-monsoon, the minimum value is reported as 'ND*' (Not Detected) for sites S2, S5, S7, while the maximum is 0.09 ppm for S1, S6. The schema does not directly support a range where the minimum is a detection limit and the maximum is a detected value. Represented as max_value 0.09, min_value null, limit_qualifier null.; Table 4, page 8: For Chromium (Cr) post-monsoon, the minimum value is reported as 'ND*' (Not Detected) for sites S2, S3, S4, S7, while the maximum is 0.43 ppm for S6. The schema does not directly support a range where the minimum is a detection limit and the maximum is a detected value. Represented as max_value 0.43, min_value null, limit_qualifier null.; Table 4, page 8: For Lead (Pb) post-monsoon, the minimum value is reported as 'ND*' (Not Detected) for sites S3, S4, S5, S8, while the maximum is 0.06 ppm for S6. The schema does not directly support a range where the minimum is a detection limit and the maximum is a detected value. Represented as max_value 0.06, min_value null, limit_qualifier null.; Table 4, page 8: For Cadmium (Cd) post-monsoon, the minimum value is reported as 'ND*' (Not Detected) for sites S1-S5, S7, S8, while the maximum is 0.006 ppm for S6. The schema does not directly support a range where the minimum is a detection limit and the maximum is a detected value. Represented as max_value 0.006, min_value null, limit_qualifier null."
,P11,Post-monsoon season,,,,0.8,5.8,,range across sites,,,mg/L,"Vaid, M., Sarma, K., Kala, P. & Gupta, A. The plight of Najafgarh drain in NCT of Delhi, India: assessment of the sources, statistical water quality evaluation, and fate of water pollutants. Environ Sci Pollut Res 29, 90580190600 (2022). https://doi.org/10.1007/s11356-022-21710-z","Table 4, page 8",PHOS (mg/L) 0.8 (S7) 5.8 (S2),"Table 4, page 8: For Chromium (Cr) pre-monsoon, the minimum value is reported as 'ND*' (Not Detected) for sites S2, S5, S7, while the maximum is 0.09 ppm for S1, S6. The schema does not directly support a range where the minimum is a detection limit and the maximum is a detected value. Represented as max_value 0.09, min_value null, limit_qualifier null.; Table 4, page 8: For Chromium (Cr) post-monsoon, the minimum value is reported as 'ND*' (Not Detected) for sites S2, S3, S4, S7, while the maximum is 0.43 ppm for S6. The schema does not directly support a range where the minimum is a detection limit and the maximum is a detected value. Represented as max_value 0.43, min_value null, limit_qualifier null.; Table 4, page 8: For Lead (Pb) post-monsoon, the minimum value is reported as 'ND*' (Not Detected) for sites S3, S4, S5, S8, while the maximum is 0.06 ppm for S6. The schema does not directly support a range where the minimum is a detection limit and the maximum is a detected value. Represented as max_value 0.06, min_value null, limit_qualifier null.; Table 4, page 8: For Cadmium (Cd) post-monsoon, the minimum value is reported as 'ND*' (Not Detected) for sites S1-S5, S7, S8, while the maximum is 0.006 ppm for S6. The schema does not directly support a range where the minimum is a detection limit and the maximum is a detected value. Represented as max_value 0.006, min_value null, limit_qualifier null."
,P12,Pre-monsoon season,,,,205.0,951.6,,range across sites,,,mg/L,"Vaid, M., Sarma, K., Kala, P. & Gupta, A. The plight of Najafgarh drain in NCT of Delhi, India: assessment of the sources, statistical water quality evaluation, and fate of water pollutants. Environ Sci Pollut Res 29, 90580190600 (2022). https://doi.org/10.1007/s11356-022-21710-z","Table 4, page 8",TA (mg/L) 205.0 (S7) 951.6 (S2),"Table 4, page 8: For Chromium (Cr) pre-monsoon, the minimum value is reported as 'ND*' (Not Detected) for sites S2, S5, S7, while the maximum is 0.09 ppm for S1, S6. The schema does not directly support a range where the minimum is a detection limit and the maximum is a detected value. Represented as max_value 0.09, min_value null, limit_qualifier null.; Table 4, page 8: For Chromium (Cr) post-monsoon, the minimum value is reported as 'ND*' (Not Detected) for sites S2, S3, S4, S7, while the maximum is 0.43 ppm for S6. The schema does not directly support a range where the minimum is a detection limit and the maximum is a detected value. Represented as max_value 0.43, min_value null, limit_qualifier null.; Table 4, page 8: For Lead (Pb) post-monsoon, the minimum value is reported as 'ND*' (Not Detected) for sites S3, S4, S5, S8, while the maximum is 0.06 ppm for S6. The schema does not directly support a range where the minimum is a detection limit and the maximum is a detected value. Represented as max_value 0.06, min_value null, limit_qualifier null.; Table 4, page 8: For Cadmium (Cd) post-monsoon, the minimum value is reported as 'ND*' (Not Detected) for sites S1-S5, S7, S8, while the maximum is 0.006 ppm for S6. The schema does not directly support a range where the minimum is a detection limit and the maximum is a detected value. Represented as max_value 0.006, min_value null, limit_qualifier null."
,P12,Post-monsoon season,,,,305.0,1085.8,,range across sites,,,mg/L,"Vaid, M., Sarma, K., Kala, P. & Gupta, A. The plight of Najafgarh drain in NCT of Delhi, India: assessment of the sources, statistical water quality evaluation, and fate of water pollutants. Environ Sci Pollut Res 29, 90580190600 (2022). https://doi.org/10.1007/s11356-022-21710-z","Table 4, page 8",TA (mg/L) 305.0 (S7) 1085.8 (S2),"Table 4, page 8: For Chromium (Cr) pre-monsoon, the minimum value is reported as 'ND*' (Not Detected) for sites S2, S5, S7, while the maximum is 0.09 ppm for S1, S6. The schema does not directly support a range where the minimum is a detection limit and the maximum is a detected value. Represented as max_value 0.09, min_value null, limit_qualifier null.; Table 4, page 8: For Chromium (Cr) post-monsoon, the minimum value is reported as 'ND*' (Not Detected) for sites S2, S3, S4, S7, while the maximum is 0.43 ppm for S6. The schema does not directly support a range where the minimum is a detection limit and the maximum is a detected value. Represented as max_value 0.43, min_value null, limit_qualifier null.; Table 4, page 8: For Lead (Pb) post-monsoon, the minimum value is reported as 'ND*' (Not Detected) for sites S3, S4, S5, S8, while the maximum is 0.06 ppm for S6. The schema does not directly support a range where the minimum is a detection limit and the maximum is a detected value. Represented as max_value 0.06, min_value null, limit_qualifier null.; Table 4, page 8: For Cadmium (Cd) post-monsoon, the minimum value is reported as 'ND*' (Not Detected) for sites S1-S5, S7, S8, while the maximum is 0.006 ppm for S6. The schema does not directly support a range where the minimum is a detection limit and the maximum is a detected value. Represented as max_value 0.006, min_value null, limit_qualifier null."
,P15,Pre-monsoon season,,,,72.0,733.95,,range across sites,,,ppm,"Vaid, M., Sarma, K., Kala, P. & Gupta, A. The plight of Najafgarh drain in NCT of Delhi, India: assessment of the sources, statistical water quality evaluation, and fate of water pollutants. Environ Sci Pollut Res 29, 90580190600 (2022). https://doi.org/10.1007/s11356-022-21710-z","Table 4, page 8",Na (ppm) 72.00 (S7) 733.95 (S2),"Table 4, page 8: For Chromium (Cr) pre-monsoon, the minimum value is reported as 'ND*' (Not Detected) for sites S2, S5, S7, while the maximum is 0.09 ppm for S1, S6. The schema does not directly support a range where the minimum is a detection limit and the maximum is a detected value. Represented as max_value 0.09, min_value null, limit_qualifier null.; Table 4, page 8: For Chromium (Cr) post-monsoon, the minimum value is reported as 'ND*' (Not Detected) for sites S2, S3, S4, S7, while the maximum is 0.43 ppm for S6. The schema does not directly support a range where the minimum is a detection limit and the maximum is a detected value. Represented as max_value 0.43, min_value null, limit_qualifier null.; Table 4, page 8: For Lead (Pb) post-monsoon, the minimum value is reported as 'ND*' (Not Detected) for sites S3, S4, S5, S8, while the maximum is 0.06 ppm for S6. The schema does not directly support a range where the minimum is a detection limit and the maximum is a detected value. Represented as max_value 0.06, min_value null, limit_qualifier null.; Table 4, page 8: For Cadmium (Cd) post-monsoon, the minimum value is reported as 'ND*' (Not Detected) for sites S1-S5, S7, S8, while the maximum is 0.006 ppm for S6. The schema does not directly support a range where the minimum is a detection limit and the maximum is a detected value. Represented as max_value 0.006, min_value null, limit_qualifier null."
,P15,Post-monsoon season,,,,29.75,647.74,,range across sites,,,ppm,"Vaid, M., Sarma, K., Kala, P. & Gupta, A. The plight of Najafgarh drain in NCT of Delhi, India: assessment of the sources, statistical water quality evaluation, and fate of water pollutants. Environ Sci Pollut Res 29, 90580190600 (2022). https://doi.org/10.1007/s11356-022-21710-z","Table 4, page 8",Na (ppm) 29.75 (S7) 647.74 (S2),"Table 4, page 8: For Chromium (Cr) pre-monsoon, the minimum value is reported as 'ND*' (Not Detected) for sites S2, S5, S7, while the maximum is 0.09 ppm for S1, S6. The schema does not directly support a range where the minimum is a detection limit and the maximum is a detected value. Represented as max_value 0.09, min_value null, limit_qualifier null.; Table 4, page 8: For Chromium (Cr) post-monsoon, the minimum value is reported as 'ND*' (Not Detected) for sites S2, S3, S4, S7, while the maximum is 0.43 ppm for S6. The schema does not directly support a range where the minimum is a detection limit and the maximum is a detected value. Represented as max_value 0.43, min_value null, limit_qualifier null.; Table 4, page 8: For Lead (Pb) post-monsoon, the minimum value is reported as 'ND*' (Not Detected) for sites S3, S4, S5, S8, while the maximum is 0.06 ppm for S6. The schema does not directly support a range where the minimum is a detection limit and the maximum is a detected value. Represented as max_value 0.06, min_value null, limit_qualifier null.; Table 4, page 8: For Cadmium (Cd) post-monsoon, the minimum value is reported as 'ND*' (Not Detected) for sites S1-S5, S7, S8, while the maximum is 0.006 ppm for S6. The schema does not directly support a range where the minimum is a detection limit and the maximum is a detected value. Represented as max_value 0.006, min_value null, limit_qualifier null."
,P16,Pre-monsoon season,,,,37.36,186.57,,range across sites,,,ppm,"Vaid, M., Sarma, K., Kala, P. & Gupta, A. The plight of Najafgarh drain in NCT of Delhi, India: assessment of the sources, statistical water quality evaluation, and fate of water pollutants. Environ Sci Pollut Res 29, 90580190600 (2022). https://doi.org/10.1007/s11356-022-21710-z","Table 4, page 8",K (ppm) 37.36 (S1) 186.57 (S2),"Table 4, page 8: For Chromium (Cr) pre-monsoon, the minimum value is reported as 'ND*' (Not Detected) for sites S2, S5, S7, while the maximum is 0.09 ppm for S1, S6. The schema does not directly support a range where the minimum is a detection limit and the maximum is a detected value. Represented as max_value 0.09, min_value null, limit_qualifier null.; Table 4, page 8: For Chromium (Cr) post-monsoon, the minimum value is reported as 'ND*' (Not Detected) for sites S2, S3, S4, S7, while the maximum is 0.43 ppm for S6. The schema does not directly support a range where the minimum is a detection limit and the maximum is a detected value. Represented as max_value 0.43, min_value null, limit_qualifier null.; Table 4, page 8: For Lead (Pb) post-monsoon, the minimum value is reported as 'ND*' (Not Detected) for sites S3, S4, S5, S8, while the maximum is 0.06 ppm for S6. The schema does not directly support a range where the minimum is a detection limit and the maximum is a detected value. Represented as max_value 0.06, min_value null, limit_qualifier null.; Table 4, page 8: For Cadmium (Cd) post-monsoon, the minimum value is reported as 'ND*' (Not Detected) for sites S1-S5, S7, S8, while the maximum is 0.006 ppm for S6. The schema does not directly support a range where the minimum is a detection limit and the maximum is a detected value. Represented as max_value 0.006, min_value null, limit_qualifier null."
,P16,Post-monsoon season,,,,26.66,167.58,,range across sites,,,ppm,"Vaid, M., Sarma, K., Kala, P. & Gupta, A. The plight of Najafgarh drain in NCT of Delhi, India: assessment of the sources, statistical water quality evaluation, and fate of water pollutants. Environ Sci Pollut Res 29, 90580190600 (2022). https://doi.org/10.1007/s11356-022-21710-z","Table 4, page 8",K (ppm) 26.66 (S7) 167.58 (S2),"Table 4, page 8: For Chromium (Cr) pre-monsoon, the minimum value is reported as 'ND*' (Not Detected) for sites S2, S5, S7, while the maximum is 0.09 ppm for S1, S6. The schema does not directly support a range where the minimum is a detection limit and the maximum is a detected value. Represented as max_value 0.09, min_value null, limit_qualifier null.; Table 4, page 8: For Chromium (Cr) post-monsoon, the minimum value is reported as 'ND*' (Not Detected) for sites S2, S3, S4, S7, while the maximum is 0.43 ppm for S6. The schema does not directly support a range where the minimum is a detection limit and the maximum is a detected value. Represented as max_value 0.43, min_value null, limit_qualifier null.; Table 4, page 8: For Lead (Pb) post-monsoon, the minimum value is reported as 'ND*' (Not Detected) for sites S3, S4, S5, S8, while the maximum is 0.06 ppm for S6. The schema does not directly support a range where the minimum is a detection limit and the maximum is a detected value. Represented as max_value 0.06, min_value null, limit_qualifier null.; Table 4, page 8: For Cadmium (Cd) post-monsoon, the minimum value is reported as 'ND*' (Not Detected) for sites S1-S5, S7, S8, while the maximum is 0.006 ppm for S6. The schema does not directly support a range where the minimum is a detection limit and the maximum is a detected value. Represented as max_value 0.006, min_value null, limit_qualifier null."
,P18,Pre-monsoon season,,,,,0.09,,range across sites,,,ppm,"Vaid, M., Sarma, K., Kala, P. & Gupta, A. The plight of Najafgarh drain in NCT of Delhi, India: assessment of the sources, statistical water quality evaluation, and fate of water pollutants. Environ Sci Pollut Res 29, 90580190600 (2022). https://doi.org/10.1007/s11356-022-21710-z","Table 4, page 8","Cr (ppm) ND* (S2,S5,S7) 0.09 (S1,S6)","Table 4, page 8: For Chromium (Cr) pre-monsoon, the minimum value is reported as 'ND*' (Not Detected) for sites S2, S5, S7, while the maximum is 0.09 ppm for S1, S6. The schema does not directly support a range where the minimum is a detection limit and the maximum is a detected value. Represented as max_value 0.09, min_value null, limit_qualifier null.; Table 4, page 8: For Chromium (Cr) post-monsoon, the minimum value is reported as 'ND*' (Not Detected) for sites S2, S3, S4, S7, while the maximum is 0.43 ppm for S6. The schema does not directly support a range where the minimum is a detection limit and the maximum is a detected value. Represented as max_value 0.43, min_value null, limit_qualifier null.; Table 4, page 8: For Lead (Pb) post-monsoon, the minimum value is reported as 'ND*' (Not Detected) for sites S3, S4, S5, S8, while the maximum is 0.06 ppm for S6. The schema does not directly support a range where the minimum is a detection limit and the maximum is a detected value. Represented as max_value 0.06, min_value null, limit_qualifier null.; Table 4, page 8: For Cadmium (Cd) post-monsoon, the minimum value is reported as 'ND*' (Not Detected) for sites S1-S5, S7, S8, while the maximum is 0.006 ppm for S6. The schema does not directly support a range where the minimum is a detection limit and the maximum is a detected value. Represented as max_value 0.006, min_value null, limit_qualifier null."
,P18,Post-monsoon season,,,,,0.43,,range across sites,,,ppm,"Vaid, M., Sarma, K., Kala, P. & Gupta, A. The plight of Najafgarh drain in NCT of Delhi, India: assessment of the sources, statistical water quality evaluation, and fate of water pollutants. Environ Sci Pollut Res 29, 90580190600 (2022). https://doi.org/10.1007/s11356-022-21710-z","Table 4, page 8","Cr (ppm) ND* (S2,S3,S4,S7) 0.43 (S6)","Table 4, page 8: For Chromium (Cr) pre-monsoon, the minimum value is reported as 'ND*' (Not Detected) for sites S2, S5, S7, while the maximum is 0.09 ppm for S1, S6. The schema does not directly support a range where the minimum is a detection limit and the maximum is a detected value. Represented as max_value 0.09, min_value null, limit_qualifier null.; Table 4, page 8: For Chromium (Cr) post-monsoon, the minimum value is reported as 'ND*' (Not Detected) for sites S2, S3, S4, S7, while the maximum is 0.43 ppm for S6. The schema does not directly support a range where the minimum is a detection limit and the maximum is a detected value. Represented as max_value 0.43, min_value null, limit_qualifier null.; Table 4, page 8: For Lead (Pb) post-monsoon, the minimum value is reported as 'ND*' (Not Detected) for sites S3, S4, S5, S8, while the maximum is 0.06 ppm for S6. The schema does not directly support a range where the minimum is a detection limit and the maximum is a detected value. Represented as max_value 0.06, min_value null, limit_qualifier null.; Table 4, page 8: For Cadmium (Cd) post-monsoon, the minimum value is reported as 'ND*' (Not Detected) for sites S1-S5, S7, S8, while the maximum is 0.006 ppm for S6. The schema does not directly support a range where the minimum is a detection limit and the maximum is a detected value. Represented as max_value 0.006, min_value null, limit_qualifier null."
,P19,Pre-monsoon season,,,,,,,range across sites,<,,ppm,"Vaid, M., Sarma, K., Kala, P. & Gupta, A. The plight of Najafgarh drain in NCT of Delhi, India: assessment of the sources, statistical water quality evaluation, and fate of water pollutants. Environ Sci Pollut Res 29, 90580190600 (2022). https://doi.org/10.1007/s11356-022-21710-z","Table 4, page 8",Pb (ppm) ND* (S1-S8) ND* (S1-S8),"Table 4, page 8: For Chromium (Cr) pre-monsoon, the minimum value is reported as 'ND*' (Not Detected) for sites S2, S5, S7, while the maximum is 0.09 ppm for S1, S6. The schema does not directly support a range where the minimum is a detection limit and the maximum is a detected value. Represented as max_value 0.09, min_value null, limit_qualifier null.; Table 4, page 8: For Chromium (Cr) post-monsoon, the minimum value is reported as 'ND*' (Not Detected) for sites S2, S3, S4, S7, while the maximum is 0.43 ppm for S6. The schema does not directly support a range where the minimum is a detection limit and the maximum is a detected value. Represented as max_value 0.43, min_value null, limit_qualifier null.; Table 4, page 8: For Lead (Pb) post-monsoon, the minimum value is reported as 'ND*' (Not Detected) for sites S3, S4, S5, S8, while the maximum is 0.06 ppm for S6. The schema does not directly support a range where the minimum is a detection limit and the maximum is a detected value. Represented as max_value 0.06, min_value null, limit_qualifier null.; Table 4, page 8: For Cadmium (Cd) post-monsoon, the minimum value is reported as 'ND*' (Not Detected) for sites S1-S5, S7, S8, while the maximum is 0.006 ppm for S6. The schema does not directly support a range where the minimum is a detection limit and the maximum is a detected value. Represented as max_value 0.006, min_value null, limit_qualifier null."
,P19,Post-monsoon season,,,,,0.06,,range across sites,,,ppm,"Vaid, M., Sarma, K., Kala, P. & Gupta, A. The plight of Najafgarh drain in NCT of Delhi, India: assessment of the sources, statistical water quality evaluation, and fate of water pollutants. Environ Sci Pollut Res 29, 90580190600 (2022). https://doi.org/10.1007/s11356-022-21710-z","Table 4, page 8","Pb (ppm) ND* (S3,S4,S5,S8) 0.06 (S6)","Table 4, page 8: For Chromium (Cr) pre-monsoon, the minimum value is reported as 'ND*' (Not Detected) for sites S2, S5, S7, while the maximum is 0.09 ppm for S1, S6. The schema does not directly support a range where the minimum is a detection limit and the maximum is a detected value. Represented as max_value 0.09, min_value null, limit_qualifier null.; Table 4, page 8: For Chromium (Cr) post-monsoon, the minimum value is reported as 'ND*' (Not Detected) for sites S2, S3, S4, S7, while the maximum is 0.43 ppm for S6. The schema does not directly support a range where the minimum is a detection limit and the maximum is a detected value. Represented as max_value 0.43, min_value null, limit_qualifier null.; Table 4, page 8: For Lead (Pb) post-monsoon, the minimum value is reported as 'ND*' (Not Detected) for sites S3, S4, S5, S8, while the maximum is 0.06 ppm for S6. The schema does not directly support a range where the minimum is a detection limit and the maximum is a detected value. Represented as max_value 0.06, min_value null, limit_qualifier null.; Table 4, page 8: For Cadmium (Cd) post-monsoon, the minimum value is reported as 'ND*' (Not Detected) for sites S1-S5, S7, S8, while the maximum is 0.006 ppm for S6. The schema does not directly support a range where the minimum is a detection limit and the maximum is a detected value. Represented as max_value 0.006, min_value null, limit_qualifier null."
,P20,Pre-monsoon season,,,,0.89,11.31,,range across sites,,,ppm,"Vaid, M., Sarma, K., Kala, P. & Gupta, A. The plight of Najafgarh drain in NCT of Delhi, India: assessment of the sources, statistical water quality evaluation, and fate of water pollutants. Environ Sci Pollut Res 29, 90580190600 (2022). https://doi.org/10.1007/s11356-022-21710-z","Table 4, page 8",Fe (ppm) 0.89 (S5) 11.31 (S8),"Table 4, page 8: For Chromium (Cr) pre-monsoon, the minimum value is reported as 'ND*' (Not Detected) for sites S2, S5, S7, while the maximum is 0.09 ppm for S1, S6. The schema does not directly support a range where the minimum is a detection limit and the maximum is a detected value. Represented as max_value 0.09, min_value null, limit_qualifier null.; Table 4, page 8: For Chromium (Cr) post-monsoon, the minimum value is reported as 'ND*' (Not Detected) for sites S2, S3, S4, S7, while the maximum is 0.43 ppm for S6. The schema does not directly support a range where the minimum is a detection limit and the maximum is a detected value. Represented as max_value 0.43, min_value null, limit_qualifier null.; Table 4, page 8: For Lead (Pb) post-monsoon, the minimum value is reported as 'ND*' (Not Detected) for sites S3, S4, S5, S8, while the maximum is 0.06 ppm for S6. The schema does not directly support a range where the minimum is a detection limit and the maximum is a detected value. Represented as max_value 0.06, min_value null, limit_qualifier null.; Table 4, page 8: For Cadmium (Cd) post-monsoon, the minimum value is reported as 'ND*' (Not Detected) for sites S1-S5, S7, S8, while the maximum is 0.006 ppm for S6. The schema does not directly support a range where the minimum is a detection limit and the maximum is a detected value. Represented as max_value 0.006, min_value null, limit_qualifier null."
,P20,Post-monsoon season,,,,0.69,25.44,,range across sites,,,ppm,"Vaid, M., Sarma, K., Kala, P. & Gupta, A. The plight of Najafgarh drain in NCT of Delhi, India: assessment of the sources, statistical water quality evaluation, and fate of water pollutants. Environ Sci Pollut Res 29, 90580190600 (2022). https://doi.org/10.1007/s11356-022-21710-z","Table 4, page 8",Fe (ppm) 0.69 (S3) 25.44 (S7),"Table 4, page 8: For Chromium (Cr) pre-monsoon, the minimum value is reported as 'ND*' (Not Detected) for sites S2, S5, S7, while the maximum is 0.09 ppm for S1, S6. The schema does not directly support a range where the minimum is a detection limit and the maximum is a detected value. Represented as max_value 0.09, min_value null, limit_qualifier null.; Table 4, page 8: For Chromium (Cr) post-monsoon, the minimum value is reported as 'ND*' (Not Detected) for sites S2, S3, S4, S7, while the maximum is 0.43 ppm for S6. The schema does not directly support a range where the minimum is a detection limit and the maximum is a detected value. Represented as max_value 0.43, min_value null, limit_qualifier null.; Table 4, page 8: For Lead (Pb) post-monsoon, the minimum value is reported as 'ND*' (Not Detected) for sites S3, S4, S5, S8, while the maximum is 0.06 ppm for S6. The schema does not directly support a range where the minimum is a detection limit and the maximum is a detected value. Represented as max_value 0.06, min_value null, limit_qualifier null.; Table 4, page 8: For Cadmium (Cd) post-monsoon, the minimum value is reported as 'ND*' (Not Detected) for sites S1-S5, S7, S8, while the maximum is 0.006 ppm for S6. The schema does not directly support a range where the minimum is a detection limit and the maximum is a detected value. Represented as max_value 0.006, min_value null, limit_qualifier null."
,P21,Pre-monsoon season,,,,0.08,0.24,,range across sites,,,ppm,"Vaid, M., Sarma, K., Kala, P. & Gupta, A. The plight of Najafgarh drain in NCT of Delhi, India: assessment of the sources, statistical water quality evaluation, and fate of water pollutants. Environ Sci Pollut Res 29, 90580190600 (2022). https://doi.org/10.1007/s11356-022-21710-z","Table 4, page 8",Ni (ppm) 0.08 (S3) 0.24 (S6),"Table 4, page 8: For Chromium (Cr) pre-monsoon, the minimum value is reported as 'ND*' (Not Detected) for sites S2, S5, S7, while the maximum is 0.09 ppm for S1, S6. The schema does not directly support a range where the minimum is a detection limit and the maximum is a detected value. Represented as max_value 0.09, min_value null, limit_qualifier null.; Table 4, page 8: For Chromium (Cr) post-monsoon, the minimum value is reported as 'ND*' (Not Detected) for sites S2, S3, S4, S7, while the maximum is 0.43 ppm for S6. The schema does not directly support a range where the minimum is a detection limit and the maximum is a detected value. Represented as max_value 0.43, min_value null, limit_qualifier null.; Table 4, page 8: For Lead (Pb) post-monsoon, the minimum value is reported as 'ND*' (Not Detected) for sites S3, S4, S5, S8, while the maximum is 0.06 ppm for S6. The schema does not directly support a range where the minimum is a detection limit and the maximum is a detected value. Represented as max_value 0.06, min_value null, limit_qualifier null.; Table 4, page 8: For Cadmium (Cd) post-monsoon, the minimum value is reported as 'ND*' (Not Detected) for sites S1-S5, S7, S8, while the maximum is 0.006 ppm for S6. The schema does not directly support a range where the minimum is a detection limit and the maximum is a detected value. Represented as max_value 0.006, min_value null, limit_qualifier null."
,P21,Post-monsoon season,,,,0.01,0.56,,range across sites,,,ppm,"Vaid, M., Sarma, K., Kala, P. & Gupta, A. The plight of Najafgarh drain in NCT of Delhi, India: assessment of the sources, statistical water quality evaluation, and fate of water pollutants. Environ Sci Pollut Res 29, 90580190600 (2022). https://doi.org/10.1007/s11356-022-21710-z","Table 4, page 8",Ni (ppm) 0.01 (S2) 0.56 (S6),"Table 4, page 8: For Chromium (Cr) pre-monsoon, the minimum value is reported as 'ND*' (Not Detected) for sites S2, S5, S7, while the maximum is 0.09 ppm for S1, S6. The schema does not directly support a range where the minimum is a detection limit and the maximum is a detected value. Represented as max_value 0.09, min_value null, limit_qualifier null.; Table 4, page 8: For Chromium (Cr) post-monsoon, the minimum value is reported as 'ND*' (Not Detected) for sites S2, S3, S4, S7, while the maximum is 0.43 ppm for S6. The schema does not directly support a range where the minimum is a detection limit and the maximum is a detected value. Represented as max_value 0.43, min_value null, limit_qualifier null.; Table 4, page 8: For Lead (Pb) post-monsoon, the minimum value is reported as 'ND*' (Not Detected) for sites S3, S4, S5, S8, while the maximum is 0.06 ppm for S6. The schema does not directly support a range where the minimum is a detection limit and the maximum is a detected value. Represented as max_value 0.06, min_value null, limit_qualifier null.; Table 4, page 8: For Cadmium (Cd) post-monsoon, the minimum value is reported as 'ND*' (Not Detected) for sites S1-S5, S7, S8, while the maximum is 0.006 ppm for S6. The schema does not directly support a range where the minimum is a detection limit and the maximum is a detected value. Represented as max_value 0.006, min_value null, limit_qualifier null."
,P22,Pre-monsoon season,,,,0.1,0.98,,range across sites,,,ppm,"Vaid, M., Sarma, K., Kala, P. & Gupta, A. The plight of Najafgarh drain in NCT of Delhi, India: assessment of the sources, statistical water quality evaluation, and fate of water pollutants. Environ Sci Pollut Res 29, 90580190600 (2022). https://doi.org/10.1007/s11356-022-21710-z","Table 4, page 8",Mn (ppm) 0.10 (S3) 0.98 (S2),"Table 4, page 8: For Chromium (Cr) pre-monsoon, the minimum value is reported as 'ND*' (Not Detected) for sites S2, S5, S7, while the maximum is 0.09 ppm for S1, S6. The schema does not directly support a range where the minimum is a detection limit and the maximum is a detected value. Represented as max_value 0.09, min_value null, limit_qualifier null.; Table 4, page 8: For Chromium (Cr) post-monsoon, the minimum value is reported as 'ND*' (Not Detected) for sites S2, S3, S4, S7, while the maximum is 0.43 ppm for S6. The schema does not directly support a range where the minimum is a detection limit and the maximum is a detected value. Represented as max_value 0.43, min_value null, limit_qualifier null.; Table 4, page 8: For Lead (Pb) post-monsoon, the minimum value is reported as 'ND*' (Not Detected) for sites S3, S4, S5, S8, while the maximum is 0.06 ppm for S6. The schema does not directly support a range where the minimum is a detection limit and the maximum is a detected value. Represented as max_value 0.06, min_value null, limit_qualifier null.; Table 4, page 8: For Cadmium (Cd) post-monsoon, the minimum value is reported as 'ND*' (Not Detected) for sites S1-S5, S7, S8, while the maximum is 0.006 ppm for S6. The schema does not directly support a range where the minimum is a detection limit and the maximum is a detected value. Represented as max_value 0.006, min_value null, limit_qualifier null."
,P22,Post-monsoon season,,,,0.1,1.85,,range across sites,,,ppm,"Vaid, M., Sarma, K., Kala, P. & Gupta, A. The plight of Najafgarh drain in NCT of Delhi, India: assessment of the sources, statistical water quality evaluation, and fate of water pollutants. Environ Sci Pollut Res 29, 90580190600 (2022). https://doi.org/10.1007/s11356-022-21710-z","Table 4, page 8",Mn (ppm) 0.10 (S3) 1.85 (S2),"Table 4, page 8: For Chromium (Cr) pre-monsoon, the minimum value is reported as 'ND*' (Not Detected) for sites S2, S5, S7, while the maximum is 0.09 ppm for S1, S6. The schema does not directly support a range where the minimum is a detection limit and the maximum is a detected value. Represented as max_value 0.09, min_value null, limit_qualifier null.; Table 4, page 8: For Chromium (Cr) post-monsoon, the minimum value is reported as 'ND*' (Not Detected) for sites S2, S3, S4, S7, while the maximum is 0.43 ppm for S6. The schema does not directly support a range where the minimum is a detection limit and the maximum is a detected value. Represented as max_value 0.43, min_value null, limit_qualifier null.; Table 4, page 8: For Lead (Pb) post-monsoon, the minimum value is reported as 'ND*' (Not Detected) for sites S3, S4, S5, S8, while the maximum is 0.06 ppm for S6. The schema does not directly support a range where the minimum is a detection limit and the maximum is a detected value. Represented as max_value 0.06, min_value null, limit_qualifier null.; Table 4, page 8: For Cadmium (Cd) post-monsoon, the minimum value is reported as 'ND*' (Not Detected) for sites S1-S5, S7, S8, while the maximum is 0.006 ppm for S6. The schema does not directly support a range where the minimum is a detection limit and the maximum is a detected value. Represented as max_value 0.006, min_value null, limit_qualifier null."
,P23,Pre-monsoon season,,,,0.07,0.51,,range across sites,,,ppm,"Vaid, M., Sarma, K., Kala, P. & Gupta, A. The plight of Najafgarh drain in NCT of Delhi, India: assessment of the sources, statistical water quality evaluation, and fate of water pollutants. Environ Sci Pollut Res 29, 90580190600 (2022). https://doi.org/10.1007/s11356-022-21710-z","Table 4, page 8",Zn (ppm) 0.07 (S7) 0.51 (S1),"Table 4, page 8: For Chromium (Cr) pre-monsoon, the minimum value is reported as 'ND*' (Not Detected) for sites S2, S5, S7, while the maximum is 0.09 ppm for S1, S6. The schema does not directly support a range where the minimum is a detection limit and the maximum is a detected value. Represented as max_value 0.09, min_value null, limit_qualifier null.; Table 4, page 8: For Chromium (Cr) post-monsoon, the minimum value is reported as 'ND*' (Not Detected) for sites S2, S3, S4, S7, while the maximum is 0.43 ppm for S6. The schema does not directly support a range where the minimum is a detection limit and the maximum is a detected value. Represented as max_value 0.43, min_value null, limit_qualifier null.; Table 4, page 8: For Lead (Pb) post-monsoon, the minimum value is reported as 'ND*' (Not Detected) for sites S3, S4, S5, S8, while the maximum is 0.06 ppm for S6. The schema does not directly support a range where the minimum is a detection limit and the maximum is a detected value. Represented as max_value 0.06, min_value null, limit_qualifier null.; Table 4, page 8: For Cadmium (Cd) post-monsoon, the minimum value is reported as 'ND*' (Not Detected) for sites S1-S5, S7, S8, while the maximum is 0.006 ppm for S6. The schema does not directly support a range where the minimum is a detection limit and the maximum is a detected value. Represented as max_value 0.006, min_value null, limit_qualifier null."
,P23,Post-monsoon season,,,,0.1,2.53,,range across sites,,,ppm,"Vaid, M., Sarma, K., Kala, P. & Gupta, A. The plight of Najafgarh drain in NCT of Delhi, India: assessment of the sources, statistical water quality evaluation, and fate of water pollutants. Environ Sci Pollut Res 29, 90580190600 (2022). https://doi.org/10.1007/s11356-022-21710-z","Table 4, page 8",Zn (ppm) 0.10 (S3) 2.53 (S6),"Table 4, page 8: For Chromium (Cr) pre-monsoon, the minimum value is reported as 'ND*' (Not Detected) for sites S2, S5, S7, while the maximum is 0.09 ppm for S1, S6. The schema does not directly support a range where the minimum is a detection limit and the maximum is a detected value. Represented as max_value 0.09, min_value null, limit_qualifier null.; Table 4, page 8: For Chromium (Cr) post-monsoon, the minimum value is reported as 'ND*' (Not Detected) for sites S2, S3, S4, S7, while the maximum is 0.43 ppm for S6. The schema does not directly support a range where the minimum is a detection limit and the maximum is a detected value. Represented as max_value 0.43, min_value null, limit_qualifier null.; Table 4, page 8: For Lead (Pb) post-monsoon, the minimum value is reported as 'ND*' (Not Detected) for sites S3, S4, S5, S8, while the maximum is 0.06 ppm for S6. The schema does not directly support a range where the minimum is a detection limit and the maximum is a detected value. Represented as max_value 0.06, min_value null, limit_qualifier null.; Table 4, page 8: For Cadmium (Cd) post-monsoon, the minimum value is reported as 'ND*' (Not Detected) for sites S1-S5, S7, S8, while the maximum is 0.006 ppm for S6. The schema does not directly support a range where the minimum is a detection limit and the maximum is a detected value. Represented as max_value 0.006, min_value null, limit_qualifier null."
,P24,Pre-monsoon season,,,,0.001,0.01,,range across sites,,,ppm,"Vaid, M., Sarma, K., Kala, P. & Gupta, A. The plight of Najafgarh drain in NCT of Delhi, India: assessment of the sources, statistical water quality evaluation, and fate of water pollutants. Environ Sci Pollut Res 29, 90580190600 (2022). https://doi.org/10.1007/s11356-022-21710-z","Table 4, page 8",Cd (ppm) 0.001 (S1) 0.01 (S6),"Table 4, page 8: For Chromium (Cr) pre-monsoon, the minimum value is reported as 'ND*' (Not Detected) for sites S2, S5, S7, while the maximum is 0.09 ppm for S1, S6. The schema does not directly support a range where the minimum is a detection limit and the maximum is a detected value. Represented as max_value 0.09, min_value null, limit_qualifier null.; Table 4, page 8: For Chromium (Cr) post-monsoon, the minimum value is reported as 'ND*' (Not Detected) for sites S2, S3, S4, S7, while the maximum is 0.43 ppm for S6. The schema does not directly support a range where the minimum is a detection limit and the maximum is a detected value. Represented as max_value 0.43, min_value null, limit_qualifier null.; Table 4, page 8: For Lead (Pb) post-monsoon, the minimum value is reported as 'ND*' (Not Detected) for sites S3, S4, S5, S8, while the maximum is 0.06 ppm for S6. The schema does not directly support a range where the minimum is a detection limit and the maximum is a detected value. Represented as max_value 0.06, min_value null, limit_qualifier null.; Table 4, page 8: For Cadmium (Cd) post-monsoon, the minimum value is reported as 'ND*' (Not Detected) for sites S1-S5, S7, S8, while the maximum is 0.006 ppm for S6. The schema does not directly support a range where the minimum is a detection limit and the maximum is a detected value. Represented as max_value 0.006, min_value null, limit_qualifier null."
,P24,Post-monsoon season,,,,,0.006,,range across sites,,,ppm,"Vaid, M., Sarma, K., Kala, P. & Gupta, A. The plight of Najafgarh drain in NCT of Delhi, India: assessment of the sources, statistical water quality evaluation, and fate of water pollutants. Environ Sci Pollut Res 29, 90580190600 (2022). https://doi.org/10.1007/s11356-022-21710-z","Table 4, page 8","Cd (ppm) ND* (S1-S5,S7,S8) 0.006 (S6)","Table 4, page 8: For Chromium (Cr) pre-monsoon, the minimum value is reported as 'ND*' (Not Detected) for sites S2, S5, S7, while the maximum is 0.09 ppm for S1, S6. The schema does not directly support a range where the minimum is a detection limit and the maximum is a detected value. Represented as max_value 0.09, min_value null, limit_qualifier null.; Table 4, page 8: For Chromium (Cr) post-monsoon, the minimum value is reported as 'ND*' (Not Detected) for sites S2, S3, S4, S7, while the maximum is 0.43 ppm for S6. The schema does not directly support a range where the minimum is a detection limit and the maximum is a detected value. Represented as max_value 0.43, min_value null, limit_qualifier null.; Table 4, page 8: For Lead (Pb) post-monsoon, the minimum value is reported as 'ND*' (Not Detected) for sites S3, S4, S5, S8, while the maximum is 0.06 ppm for S6. The schema does not directly support a range where the minimum is a detection limit and the maximum is a detected value. Represented as max_value 0.06, min_value null, limit_qualifier null.; Table 4, page 8: For Cadmium (Cd) post-monsoon, the minimum value is reported as 'ND*' (Not Detected) for sites S1-S5, S7, S8, while the maximum is 0.006 ppm for S6. The schema does not directly support a range where the minimum is a detection limit and the maximum is a detected value. Represented as max_value 0.006, min_value null, limit_qualifier null."
,P25,Pre-monsoon season,,,,0.002,0.421,,range across sites,,,ppm,"Vaid, M., Sarma, K., Kala, P. & Gupta, A. The plight of Najafgarh drain in NCT of Delhi, India: assessment of the sources, statistical water quality evaluation, and fate of water pollutants. Environ Sci Pollut Res 29, 90580190600 (2022). https://doi.org/10.1007/s11356-022-21710-z","Table 4, page 8",Cu (ppm) 0.002 (S7) 0.421 (S6),"Table 4, page 8: For Chromium (Cr) pre-monsoon, the minimum value is reported as 'ND*' (Not Detected) for sites S2, S5, S7, while the maximum is 0.09 ppm for S1, S6. The schema does not directly support a range where the minimum is a detection limit and the maximum is a detected value. Represented as max_value 0.09, min_value null, limit_qualifier null.; Table 4, page 8: For Chromium (Cr) post-monsoon, the minimum value is reported as 'ND*' (Not Detected) for sites S2, S3, S4, S7, while the maximum is 0.43 ppm for S6. The schema does not directly support a range where the minimum is a detection limit and the maximum is a detected value. Represented as max_value 0.43, min_value null, limit_qualifier null.; Table 4, page 8: For Lead (Pb) post-monsoon, the minimum value is reported as 'ND*' (Not Detected) for sites S3, S4, S5, S8, while the maximum is 0.06 ppm for S6. The schema does not directly support a range where the minimum is a detection limit and the maximum is a detected value. Represented as max_value 0.06, min_value null, limit_qualifier null.; Table 4, page 8: For Cadmium (Cd) post-monsoon, the minimum value is reported as 'ND*' (Not Detected) for sites S1-S5, S7, S8, while the maximum is 0.006 ppm for S6. The schema does not directly support a range where the minimum is a detection limit and the maximum is a detected value. Represented as max_value 0.006, min_value null, limit_qualifier null."
,P25,Post-monsoon season,,,,0.003,1.263,,range across sites,,,ppm,"Vaid, M., Sarma, K., Kala, P. & Gupta, A. The plight of Najafgarh drain in NCT of Delhi, India: assessment of the sources, statistical water quality evaluation, and fate of water pollutants. Environ Sci Pollut Res 29, 90580190600 (2022). https://doi.org/10.1007/s11356-022-21710-z","Table 4, page 8",Cu (ppm) 0.003 (S4) 1.263 (S6),"Table 4, page 8: For Chromium (Cr) pre-monsoon, the minimum value is reported as 'ND*' (Not Detected) for sites S2, S5, S7, while the maximum is 0.09 ppm for S1, S6. The schema does not directly support a range where the minimum is a detection limit and the maximum is a detected value. Represented as max_value 0.09, min_value null, limit_qualifier null.; Table 4, page 8: For Chromium (Cr) post-monsoon, the minimum value is reported as 'ND*' (Not Detected) for sites S2, S3, S4, S7, while the maximum is 0.43 ppm for S6. The schema does not directly support a range where the minimum is a detection limit and the maximum is a detected value. Represented as max_value 0.43, min_value null, limit_qualifier null.; Table 4, page 8: For Lead (Pb) post-monsoon, the minimum value is reported as 'ND*' (Not Detected) for sites S3, S4, S5, S8, while the maximum is 0.06 ppm for S6. The schema does not directly support a range where the minimum is a detection limit and the maximum is a detected value. Represented as max_value 0.06, min_value null, limit_qualifier null.; Table 4, page 8: For Cadmium (Cd) post-monsoon, the minimum value is reported as 'ND*' (Not Detected) for sites S1-S5, S7, S8, while the maximum is 0.006 ppm for S6. The schema does not directly support a range where the minimum is a detection limit and the maximum is a detected value. Represented as max_value 0.006, min_value null, limit_qualifier null."
,P17,Pre-monsoon season,,,,36000.0,4600000.0,,range across sites,,,MPN/100 ml,"Vaid, M., Sarma, K., Kala, P. & Gupta, A. The plight of Najafgarh drain in NCT of Delhi, India: assessment of the sources, statistical water quality evaluation, and fate of water pollutants. Environ Sci Pollut Res 29, 90580190600 (2022). https://doi.org/10.1007/s11356-022-21710-z","Table 4, page 8","TC (MPN/100 ml) 3.61104 (S4) 4.61106 (S1,S6)","Table 4, page 8: For Chromium (Cr) pre-monsoon, the minimum value is reported as 'ND*' (Not Detected) for sites S2, S5, S7, while the maximum is 0.09 ppm for S1, S6. The schema does not directly support a range where the minimum is a detection limit and the maximum is a detected value. Represented as max_value 0.09, min_value null, limit_qualifier null.; Table 4, page 8: For Chromium (Cr) post-monsoon, the minimum value is reported as 'ND*' (Not Detected) for sites S2, S3, S4, S7, while the maximum is 0.43 ppm for S6. The schema does not directly support a range where the minimum is a detection limit and the maximum is a detected value. Represented as max_value 0.43, min_value null, limit_qualifier null.; Table 4, page 8: For Lead (Pb) post-monsoon, the minimum value is reported as 'ND*' (Not Detected) for sites S3, S4, S5, S8, while the maximum is 0.06 ppm for S6. The schema does not directly support a range where the minimum is a detection limit and the maximum is a detected value. Represented as max_value 0.06, min_value null, limit_qualifier null.; Table 4, page 8: For Cadmium (Cd) post-monsoon, the minimum value is reported as 'ND*' (Not Detected) for sites S1-S5, S7, S8, while the maximum is 0.006 ppm for S6. The schema does not directly support a range where the minimum is a detection limit and the maximum is a detected value. Represented as max_value 0.006, min_value null, limit_qualifier null."
,P17,Post-monsoon season,,,,430000.0,21000000.0,,range across sites,,,MPN/100 ml,"Vaid, M., Sarma, K., Kala, P. & Gupta, A. The plight of Najafgarh drain in NCT of Delhi, India: assessment of the sources, statistical water quality evaluation, and fate of water pollutants. Environ Sci Pollut Res 29, 90580190600 (2022). https://doi.org/10.1007/s11356-022-21710-z","Table 4, page 8",TC (MPN/100 ml) 4.31105 (S8) 2.11107 (S2),"Table 4, page 8: For Chromium (Cr) pre-monsoon, the minimum value is reported as 'ND*' (Not Detected) for sites S2, S5, S7, while the maximum is 0.09 ppm for S1, S6. The schema does not directly support a range where the minimum is a detection limit and the maximum is a detected value. Represented as max_value 0.09, min_value null, limit_qualifier null.; Table 4, page 8: For Chromium (Cr) post-monsoon, the minimum value is reported as 'ND*' (Not Detected) for sites S2, S3, S4, S7, while the maximum is 0.43 ppm for S6. The schema does not directly support a range where the minimum is a detection limit and the maximum is a detected value. Represented as max_value 0.43, min_value null, limit_qualifier null.; Table 4, page 8: For Lead (Pb) post-monsoon, the minimum value is reported as 'ND*' (Not Detected) for sites S3, S4, S5, S8, while the maximum is 0.06 ppm for S6. The schema does not directly support a range where the minimum is a detection limit and the maximum is a detected value. Represented as max_value 0.06, min_value null, limit_qualifier null.; Table 4, page 8: For Cadmium (Cd) post-monsoon, the minimum value is reported as 'ND*' (Not Detected) for sites S1-S5, S7, S8, while the maximum is 0.006 ppm for S6. The schema does not directly support a range where the minimum is a detection limit and the maximum is a detected value. Represented as max_value 0.006, min_value null, limit_qualifier null."
