site_id,parameter_id,time_period,raw_value,mean_value,std_dev,min_value,max_value,n_observations,aggregation_level,limit_qualifier,detection_limit,unit,original_source_citation,source_location,source_quote
,P4,monsoon (July to October),,2.1,,,,,upper zone,,,mg/L,"Jaiswal, M., Hussain, J., Gupta, S.K. et al. Comprehensive evaluation of water quality status for entire stretch of Yamuna River, India. Environ Monit Assess 191, 208 (2019). https://doi.org/10.1007/s10661-019-7312-8","Page 1, Abstract","The upper zone had “excellent-to-good” water quality index (WQI) with mean 5-day biochemical oxygen demand (BOD5) values of 2.1 and 2.4 mg/L during monsoon and non-monsoon, respectively."
,P4,non-monsoon (November to June),,2.4,,,,,upper zone,,,mg/L,"Jaiswal, M., Hussain, J., Gupta, S.K. et al. Comprehensive evaluation of water quality status for entire stretch of Yamuna River, India. Environ Monit Assess 191, 208 (2019). https://doi.org/10.1007/s10661-019-7312-8","Page 1, Abstract","The upper zone had “excellent-to-good” water quality index (WQI) with mean 5-day biochemical oxygen demand (BOD5) values of 2.1 and 2.4 mg/L during monsoon and non-monsoon, respectively."
,P4,monsoon (July to October),,13.1,,,,,middle region,,,mg/L,"Jaiswal, M., Hussain, J., Gupta, S.K. et al. Comprehensive evaluation of water quality status for entire stretch of Yamuna River, India. Environ Monit Assess 191, 208 (2019). https://doi.org/10.1007/s10661-019-7312-8","Page 1, Abstract","The middle region was described by ""poor-to-marginal"" WQI with average BOD5 values of 13.1 mg/L (monsoon) and 32.3 mg/L (non-monsoon)."
,P4,non-monsoon (November to June),,32.3,,,,,middle region,,,mg/L,"Jaiswal, M., Hussain, J., Gupta, S.K. et al. Comprehensive evaluation of water quality status for entire stretch of Yamuna River, India. Environ Monit Assess 191, 208 (2019). https://doi.org/10.1007/s10661-019-7312-8","Page 1, Abstract","The middle region was described by ""poor-to-marginal"" WQI with average BOD5 values of 13.1 mg/L (monsoon) and 32.3 mg/L (non-monsoon)."
,P4,monsoon (July to October),,1.9,,,,,lower zone,,,mg/L,"Jaiswal, M., Hussain, J., Gupta, S.K. et al. Comprehensive evaluation of water quality status for entire stretch of Yamuna River, India. Environ Monit Assess 191, 208 (2019). https://doi.org/10.1007/s10661-019-7312-8","Page 1, Abstract","Further, BOD5 decreased to 1.9 mg/L (monsoon) and 1.8 mg/L (non-monsoon) in the lower zone, and the WQI values improved to ""good"" and ""excellent”."
,P4,non-monsoon (November to June),,1.8,,,,,lower zone,,,mg/L,"Jaiswal, M., Hussain, J., Gupta, S.K. et al. Comprehensive evaluation of water quality status for entire stretch of Yamuna River, India. Environ Monit Assess 191, 208 (2019). https://doi.org/10.1007/s10661-019-7312-8","Page 1, Abstract","Further, BOD5 decreased to 1.9 mg/L (monsoon) and 1.8 mg/L (non-monsoon) in the lower zone, and the WQI values improved to ""good"" and ""excellent”."
,P1,monsoon (July to October),,33.2,2.2,,,,entire Yamuna River stretch,,,°C,"Jaiswal, M., Hussain, J., Gupta, S.K. et al. Comprehensive evaluation of water quality status for entire stretch of Yamuna River, India. Environ Monit Assess 191, 208 (2019). https://doi.org/10.1007/s10661-019-7312-8","Page 5, 'Temperature' section","The average temperature data were 33.2±2.2 °C and 27.7±2.0 °C during the monsoon and non-monsoon seasons, respectively."
,P1,non-monsoon (November to June),,27.7,2.0,,,,entire Yamuna River stretch,,,°C,"Jaiswal, M., Hussain, J., Gupta, S.K. et al. Comprehensive evaluation of water quality status for entire stretch of Yamuna River, India. Environ Monit Assess 191, 208 (2019). https://doi.org/10.1007/s10661-019-7312-8","Page 5, 'Temperature' section","The average temperature data were 33.2±2.2 °C and 27.7±2.0 °C during the monsoon and non-monsoon seasons, respectively."
S8,P2,monsoon (July to October),7.62,,,,,,,,,,"Jaiswal, M., Hussain, J., Gupta, S.K. et al. Comprehensive evaluation of water quality status for entire stretch of Yamuna River, India. Environ Monit Assess 191, 208 (2019). https://doi.org/10.1007/s10661-019-7312-8","Page 5, 'pH' section","During the monsoon season, the minimum and maximum pH values were reported at Agra (pH 7.62) and Kalanaur (pH 8.07), respectively."
S2,P2,monsoon (July to October),8.07,,,,,,,,,,"Jaiswal, M., Hussain, J., Gupta, S.K. et al. Comprehensive evaluation of water quality status for entire stretch of Yamuna River, India. Environ Monit Assess 191, 208 (2019). https://doi.org/10.1007/s10661-019-7312-8","Page 5, 'pH' section","During the monsoon season, the minimum and maximum pH values were reported at Agra (pH 7.62) and Kalanaur (pH 8.07), respectively."
S5,P2,non-monsoon (November to June),7.6,,,,,,,,,,"Jaiswal, M., Hussain, J., Gupta, S.K. et al. Comprehensive evaluation of water quality status for entire stretch of Yamuna River, India. Environ Monit Assess 191, 208 (2019). https://doi.org/10.1007/s10661-019-7312-8","Page 5, 'pH' section","In the non-monsoon period, the pH values varied between 7.60 at Delhi and 8.47 at Etawah."
S9,P2,non-monsoon (November to June),8.47,,,,,,,,,,"Jaiswal, M., Hussain, J., Gupta, S.K. et al. Comprehensive evaluation of water quality status for entire stretch of Yamuna River, India. Environ Monit Assess 191, 208 (2019). https://doi.org/10.1007/s10661-019-7312-8","Page 5, 'pH' section","In the non-monsoon period, the pH values varied between 7.60 at Delhi and 8.47 at Etawah."
,P3,monsoon (July to October),,,,4.5,7.9,,entire Yamuna River stretch,,,mg/L,"Jaiswal, M., Hussain, J., Gupta, S.K. et al. Comprehensive evaluation of water quality status for entire stretch of Yamuna River, India. Environ Monit Assess 191, 208 (2019). https://doi.org/10.1007/s10661-019-7312-8","Page 5, 'Dissolved oxygen' section",The DO concentrations ranged as 4.5-7.9 mg/L during monsoon and 1.7-6.6 mg/L in non-monsoon.
,P3,non-monsoon (November to June),,,,1.7,6.6,,entire Yamuna River stretch,,,mg/L,"Jaiswal, M., Hussain, J., Gupta, S.K. et al. Comprehensive evaluation of water quality status for entire stretch of Yamuna River, India. Environ Monit Assess 191, 208 (2019). https://doi.org/10.1007/s10661-019-7312-8","Page 5, 'Dissolved oxygen' section",The DO concentrations ranged as 4.5-7.9 mg/L during monsoon and 1.7-6.6 mg/L in non-monsoon.
,P3,monsoon (July to October),,5.9,,,,,entire Yamuna River stretch,,,mg/L,"Jaiswal, M., Hussain, J., Gupta, S.K. et al. Comprehensive evaluation of water quality status for entire stretch of Yamuna River, India. Environ Monit Assess 191, 208 (2019). https://doi.org/10.1007/s10661-019-7312-8","Page 5, 'Dissolved oxygen' section","Additionally, the average value of DO during the monsoon period (5.9 mg/L) was higher than that during non-monsoon (4.7 mg/L)."
,P3,non-monsoon (November to June),,4.7,,,,,entire Yamuna River stretch,,,mg/L,"Jaiswal, M., Hussain, J., Gupta, S.K. et al. Comprehensive evaluation of water quality status for entire stretch of Yamuna River, India. Environ Monit Assess 191, 208 (2019). https://doi.org/10.1007/s10661-019-7312-8","Page 5, 'Dissolved oxygen' section","Additionally, the average value of DO during the monsoon period (5.9 mg/L) was higher than that during non-monsoon (4.7 mg/L)."
,P3,,,,,,,,class B permissible limit,>,5.0,mg/L,"Jaiswal, M., Hussain, J., Gupta, S.K. et al. Comprehensive evaluation of water quality status for entire stretch of Yamuna River, India. Environ Monit Assess 191, 208 (2019). https://doi.org/10.1007/s10661-019-7312-8","Page 5, 'Dissolved oxygen' section","The DO observations were within the permissible limit of class B (DO > 5 mg/L) at Paonta, Kalanaur, Mawi, and Palla (IS 1982)."
,P3,,,,,,,,class C permissible limit,>,4.0,mg/L,"Jaiswal, M., Hussain, J., Gupta, S.K. et al. Comprehensive evaluation of water quality status for entire stretch of Yamuna River, India. Environ Monit Assess 191, 208 (2019). https://doi.org/10.1007/s10661-019-7312-8","Page 5, 'Dissolved oxygen' section","However, the DO levels declined for the sites of Delhi, Mohana, and Agra and reached class C (DO > 4 mg/L) (IS 1982)."
,P4,monsoon (July to October),,6.6,,,,,entire Yamuna River stretch,,,mg/L,"Jaiswal, M., Hussain, J., Gupta, S.K. et al. Comprehensive evaluation of water quality status for entire stretch of Yamuna River, India. Environ Monit Assess 191, 208 (2019). https://doi.org/10.1007/s10661-019-7312-8","Page 5, 'Five-day biochemical oxygen demand' section","During monsoon, the average BOD5 concentration was 6.6 mg/L, which ranged from 0.9 mg/L at Pratappur to 26.8 mg/L at Agra."
S12,P4,monsoon (July to October),0.9,,,,,,,,,mg/L,"Jaiswal, M., Hussain, J., Gupta, S.K. et al. Comprehensive evaluation of water quality status for entire stretch of Yamuna River, India. Environ Monit Assess 191, 208 (2019). https://doi.org/10.1007/s10661-019-7312-8","Page 5, 'Five-day biochemical oxygen demand' section","During monsoon, the average BOD5 concentration was 6.6 mg/L, which ranged from 0.9 mg/L at Pratappur to 26.8 mg/L at Agra."
S8,P4,monsoon (July to October),26.8,,,,,,,,,mg/L,"Jaiswal, M., Hussain, J., Gupta, S.K. et al. Comprehensive evaluation of water quality status for entire stretch of Yamuna River, India. Environ Monit Assess 191, 208 (2019). https://doi.org/10.1007/s10661-019-7312-8","Page 5, 'Five-day biochemical oxygen demand' section","During monsoon, the average BOD5 concentration was 6.6 mg/L, which ranged from 0.9 mg/L at Pratappur to 26.8 mg/L at Agra."
,P4,non-monsoon (November to June),,14.7,,,,,entire Yamuna River stretch,,,mg/L,"Jaiswal, M., Hussain, J., Gupta, S.K. et al. Comprehensive evaluation of water quality status for entire stretch of Yamuna River, India. Environ Monit Assess 191, 208 (2019). https://doi.org/10.1007/s10661-019-7312-8","Page 5, 'Five-day biochemical oxygen demand' section","In non-monsoon, BOD5 ranged from 1.5 mg/L at Paonta to 53.9 mg/L at Delhi with an average value of 14.7 mg/L."
S1,P4,non-monsoon (November to June),1.5,,,,,,,,,mg/L,"Jaiswal, M., Hussain, J., Gupta, S.K. et al. Comprehensive evaluation of water quality status for entire stretch of Yamuna River, India. Environ Monit Assess 191, 208 (2019). https://doi.org/10.1007/s10661-019-7312-8","Page 5, 'Five-day biochemical oxygen demand' section","In non-monsoon, BOD5 ranged from 1.5 mg/L at Paonta to 53.9 mg/L at Delhi with an average value of 14.7 mg/L."
S5,P4,non-monsoon (November to June),53.9,,,,,,,,,mg/L,"Jaiswal, M., Hussain, J., Gupta, S.K. et al. Comprehensive evaluation of water quality status for entire stretch of Yamuna River, India. Environ Monit Assess 191, 208 (2019). https://doi.org/10.1007/s10661-019-7312-8","Page 5, 'Five-day biochemical oxygen demand' section","In non-monsoon, BOD5 ranged from 1.5 mg/L at Paonta to 53.9 mg/L at Delhi with an average value of 14.7 mg/L."
,P4,,,,,,,,class B criterion,<,3.0,mg/L,"Jaiswal, M., Hussain, J., Gupta, S.K. et al. Comprehensive evaluation of water quality status for entire stretch of Yamuna River, India. Environ Monit Assess 191, 208 (2019). https://doi.org/10.1007/s10661-019-7312-8","Page 5, 'Five-day biochemical oxygen demand' section",The average BOD5 level in the Yamuna River from Paonta to Palla was within the criterion of class B (≤ 3 mg/L).
,P5,monsoon (July to October),,,,117.0,353.0,,entire Yamuna River stretch,,,mg/L,"Jaiswal, M., Hussain, J., Gupta, S.K. et al. Comprehensive evaluation of water quality status for entire stretch of Yamuna River, India. Environ Monit Assess 191, 208 (2019). https://doi.org/10.1007/s10661-019-7312-8","Page 6, 'Total dissolved solids' section",The TDS levels ranged between 117 and 353 mg/L during the monsoon period and between 169 and 940 mg/L during the non-monsoon season.
,P5,non-monsoon (November to June),,,,169.0,940.0,,entire Yamuna River stretch,,,mg/L,"Jaiswal, M., Hussain, J., Gupta, S.K. et al. Comprehensive evaluation of water quality status for entire stretch of Yamuna River, India. Environ Monit Assess 191, 208 (2019). https://doi.org/10.1007/s10661-019-7312-8","Page 6, 'Total dissolved solids' section",The TDS levels ranged between 117 and 353 mg/L during the monsoon period and between 169 and 940 mg/L during the non-monsoon season.
S1,P5,monsoon (July to October),117.0,,,,,,,,,mg/L,"Jaiswal, M., Hussain, J., Gupta, S.K. et al. Comprehensive evaluation of water quality status for entire stretch of Yamuna River, India. Environ Monit Assess 191, 208 (2019). https://doi.org/10.1007/s10661-019-7312-8","Page 6, 'Total dissolved solids' section","The minimum and maximum TDS values were reported at Paonta and Agra, respectively (Supplementary file; Tables S2 and S3)."
S8,P5,non-monsoon (November to June),940.0,,,,,,,,,mg/L,"Jaiswal, M., Hussain, J., Gupta, S.K. et al. Comprehensive evaluation of water quality status for entire stretch of Yamuna River, India. Environ Monit Assess 191, 208 (2019). https://doi.org/10.1007/s10661-019-7312-8","Page 6, 'Total dissolved solids' section","The minimum and maximum TDS values were reported at Paonta and Agra, respectively (Supplementary file; Tables S2 and S3)."
,P5,monsoon (July to October),,,,,,,class A permissible limit,<,500.0,mg/L,"Jaiswal, M., Hussain, J., Gupta, S.K. et al. Comprehensive evaluation of water quality status for entire stretch of Yamuna River, India. Environ Monit Assess 191, 208 (2019). https://doi.org/10.1007/s10661-019-7312-8","Page 6, 'Total dissolved solids' section","During the monsoon season, the TDS values suggested that the river could be suitable for drinking purposes after disinfection (TDS ≤500 mg/L; class A) (IS 1982)."
,P5,,,,,,,,class C permissible limit,<,1500.0,mg/L,"Jaiswal, M., Hussain, J., Gupta, S.K. et al. Comprehensive evaluation of water quality status for entire stretch of Yamuna River, India. Environ Monit Assess 191, 208 (2019). https://doi.org/10.1007/s10661-019-7312-8","Page 6, 'Total dissolved solids' section",All sites observed acceptable TDS levels ≤ 1500 mg/L for class C and ≤2100 mg/L for class E (IS 1982).
,P5,,,,,,,,class E permissible limit,<,2100.0,mg/L,"Jaiswal, M., Hussain, J., Gupta, S.K. et al. Comprehensive evaluation of water quality status for entire stretch of Yamuna River, India. Environ Monit Assess 191, 208 (2019). https://doi.org/10.1007/s10661-019-7312-8","Page 6, 'Total dissolved solids' section",All sites observed acceptable TDS levels ≤ 1500 mg/L for class C and ≤2100 mg/L for class E (IS 1982).
S1,P6,monsoon (July to October),195.0,,,,,,,,,μS/cm,"Jaiswal, M., Hussain, J., Gupta, S.K. et al. Comprehensive evaluation of water quality status for entire stretch of Yamuna River, India. Environ Monit Assess 191, 208 (2019). https://doi.org/10.1007/s10661-019-7312-8","Page 7, 'Electrical conductivity' section","The minimum EC values of 195 and 281 μS/cm were reported at Paonta during the monsoon and non-monsoon seasons, respectively."
S1,P6,non-monsoon (November to June),281.0,,,,,,,,,μS/cm,"Jaiswal, M., Hussain, J., Gupta, S.K. et al. Comprehensive evaluation of water quality status for entire stretch of Yamuna River, India. Environ Monit Assess 191, 208 (2019). https://doi.org/10.1007/s10661-019-7312-8","Page 7, 'Electrical conductivity' section","The minimum EC values of 195 and 281 μS/cm were reported at Paonta during the monsoon and non-monsoon seasons, respectively."
S8,P6,monsoon (July to October),588.0,,,,,,,,,μS/cm,"Jaiswal, M., Hussain, J., Gupta, S.K. et al. Comprehensive evaluation of water quality status for entire stretch of Yamuna River, India. Environ Monit Assess 191, 208 (2019). https://doi.org/10.1007/s10661-019-7312-8","Page 7, 'Electrical conductivity' section","Additionally, the highest EC observations were found at Agra with values of 588 μS/cm during monsoon and 1567 μS/cm during non-monsoon."
S8,P6,non-monsoon (November to June),1567.0,,,,,,,,,μS/cm,"Jaiswal, M., Hussain, J., Gupta, S.K. et al. Comprehensive evaluation of water quality status for entire stretch of Yamuna River, India. Environ Monit Assess 191, 208 (2019). https://doi.org/10.1007/s10661-019-7312-8","Page 7, 'Electrical conductivity' section","Additionally, the highest EC observations were found at Agra with values of 588 μS/cm during monsoon and 1567 μS/cm during non-monsoon."
,P6,non-monsoon (November to June),,,,,,,class D allowable limit,>,1000.0,μS/cm,"Jaiswal, M., Hussain, J., Gupta, S.K. et al. Comprehensive evaluation of water quality status for entire stretch of Yamuna River, India. Environ Monit Assess 191, 208 (2019). https://doi.org/10.1007/s10661-019-7312-8","Page 7, 'Electrical conductivity' section","These results indicated that water at Delhi, Mohana, Mathura, Agra, Etawah, Auraiya, and Hamirpur exceeded the allowable EC of 1000 μS/cm according to class D during non-monsoon (IS 1982)."
,P6,,,,,,,,class E permissible limit,<,2250.0,μS/cm,"Jaiswal, M., Hussain, J., Gupta, S.K. et al. Comprehensive evaluation of water quality status for entire stretch of Yamuna River, India. Environ Monit Assess 191, 208 (2019). https://doi.org/10.1007/s10661-019-7312-8","Page 7, 'Electrical conductivity' section","Additionally, all sites that contained permissible limits of EC according to class E (≤2250 μS/cm; Table 1) were applicable for industrial cooling and irrigation (IS 1982)."
S8,P6,,,,,,,,WHO maximum permissible limit,>,1500.0,μS/cm,"Jaiswal, M., Hussain, J., Gupta, S.K. et al. Comprehensive evaluation of water quality status for entire stretch of Yamuna River, India. Environ Monit Assess 191, 208 (2019). https://doi.org/10.1007/s10661-019-7312-8","Page 7, 'Electrical conductivity' section","Moreover, only Agra slightly exceeded the maximum permissible limits of 1500 μS/cm, as prescribed by WHO (2011)."
,P7,,200.0,,,,,,IS 1991 desirable level,,,mg/L (as CaCO3),"Jaiswal, M., Hussain, J., Gupta, S.K. et al. Comprehensive evaluation of water quality status for entire stretch of Yamuna River, India. Environ Monit Assess 191, 208 (2019). https://doi.org/10.1007/s10661-019-7312-8","Page 7, 'Total alkalinity and total hardness' section","According to the Indian Standards (IS 1991), the desirable and permissible levels of alkalinity in water bodies are 200 and 600 mg/L, respectively."
,P7,,600.0,,,,,,IS 1991 permissible level,,,mg/L (as CaCO3),"Jaiswal, M., Hussain, J., Gupta, S.K. et al. Comprehensive evaluation of water quality status for entire stretch of Yamuna River, India. Environ Monit Assess 191, 208 (2019). https://doi.org/10.1007/s10661-019-7312-8","Page 7, 'Total alkalinity and total hardness' section","According to the Indian Standards (IS 1991), the desirable and permissible levels of alkalinity in water bodies are 200 and 600 mg/L, respectively."
,P8,monsoon (July to October),,140.0,30.0,90.0,181.0,,entire Yamuna River stretch,,,mg/L (as CaCO3),"Jaiswal, M., Hussain, J., Gupta, S.K. et al. Comprehensive evaluation of water quality status for entire stretch of Yamuna River, India. Environ Monit Assess 191, 208 (2019). https://doi.org/10.1007/s10661-019-7312-8","Page 7, 'Total alkalinity and total hardness' section","During monsoon, the average TH of the Yamuna River was 140±30 mg/L, which ranged between 90 and 181 mg/L."
,P8,non-monsoon (November to June),,,,130.0,304.0,,entire Yamuna River stretch,,,mg/L (as CaCO3),"Jaiswal, M., Hussain, J., Gupta, S.K. et al. Comprehensive evaluation of water quality status for entire stretch of Yamuna River, India. Environ Monit Assess 191, 208 (2019). https://doi.org/10.1007/s10661-019-7312-8","Page 7, 'Total alkalinity and total hardness' section","During non-monsoon, the minimum and maximum TH values recorded 130 and 304 mg/L, respectively."
S8,P8,non-monsoon (November to June),,,,,,,class A allowable level,>,300.0,mg/L (as CaCO3),"Jaiswal, M., Hussain, J., Gupta, S.K. et al. Comprehensive evaluation of water quality status for entire stretch of Yamuna River, India. Environ Monit Assess 191, 208 (2019). https://doi.org/10.1007/s10661-019-7312-8","Page 7, 'Total alkalinity and total hardness' section",The TH value at Agra during non-monsoon exceeded the allowable level of 300 mg/L for class A (IS 1982).
,P8,,,,,,,,permissible limit for drinking,<,300.0,mg/L (as CaCO3),"Jaiswal, M., Hussain, J., Gupta, S.K. et al. Comprehensive evaluation of water quality status for entire stretch of Yamuna River, India. Environ Monit Assess 191, 208 (2019). https://doi.org/10.1007/s10661-019-7312-8","Page 7, 'Total alkalinity and total hardness' section","However, most sites contained the permissible limit of TH (≤300 mg/L) that could be applied for drinking purposes."
S1,P11,,,,,0.07,0.08,,,,,mg/L,"Jaiswal, M., Hussain, J., Gupta, S.K. et al. Comprehensive evaluation of water quality status for entire stretch of Yamuna River, India. Environ Monit Assess 191, 208 (2019). https://doi.org/10.1007/s10661-019-7312-8","Page 7, 'Nutrient (nitrogen and phosphorus)' section",The NH4+ concentration varied from 0.07–0.08 mg/L at Paonta to 5.78–6.64 mg/L at Delhi.
S5,P11,,,,,5.78,6.64,,,,,mg/L,"Jaiswal, M., Hussain, J., Gupta, S.K. et al. Comprehensive evaluation of water quality status for entire stretch of Yamuna River, India. Environ Monit Assess 191, 208 (2019). https://doi.org/10.1007/s10661-019-7312-8","Page 7, 'Nutrient (nitrogen and phosphorus)' section",The NH4+ concentration varied from 0.07–0.08 mg/L at Paonta to 5.78–6.64 mg/L at Delhi.
,P11,,,,,,,,IS: 2296 class D limit,>,1.2,mg/L,"Jaiswal, M., Hussain, J., Gupta, S.K. et al. Comprehensive evaluation of water quality status for entire stretch of Yamuna River, India. Environ Monit Assess 191, 208 (2019). https://doi.org/10.1007/s10661-019-7312-8","Page 7, 'Nutrient (nitrogen and phosphorus)' section",The NH4+ levels at Delhi and Agra exceeded those of IS: 2296 (class D ≤1.2 mg/L) and IS: 2296 (0.5 mg/L)...
,P11,,,,,,,,IS: 2296 limit,>,0.5,mg/L,"Jaiswal, M., Hussain, J., Gupta, S.K. et al. Comprehensive evaluation of water quality status for entire stretch of Yamuna River, India. Environ Monit Assess 191, 208 (2019). https://doi.org/10.1007/s10661-019-7312-8","Page 7, 'Nutrient (nitrogen and phosphorus)' section",The NH4+ levels at Delhi and Agra exceeded those of IS: 2296 (class D ≤1.2 mg/L) and IS: 2296 (0.5 mg/L)...
,P13,monsoon (July to October),,,,0.3,17.38,,entire Yamuna River stretch,,,mg/L,"Jaiswal, M., Hussain, J., Gupta, S.K. et al. Comprehensive evaluation of water quality status for entire stretch of Yamuna River, India. Environ Monit Assess 191, 208 (2019). https://doi.org/10.1007/s10661-019-7312-8","Page 7, 'Nutrient (nitrogen and phosphorus)' section",The NO3 concentrations ranged as 0.30-17.38 mg/L in monsoon and 0.96-17.89 mg/L in non-monsoon.
,P13,non-monsoon (November to June),,,,0.96,17.89,,entire Yamuna River stretch,,,mg/L,"Jaiswal, M., Hussain, J., Gupta, S.K. et al. Comprehensive evaluation of water quality status for entire stretch of Yamuna River, India. Environ Monit Assess 191, 208 (2019). https://doi.org/10.1007/s10661-019-7312-8","Page 7, 'Nutrient (nitrogen and phosphorus)' section",The NO3 concentrations ranged as 0.30-17.38 mg/L in monsoon and 0.96-17.89 mg/L in non-monsoon.
S12,P13,monsoon (July to October),0.3,,,,,,,,,mg/L,"Jaiswal, M., Hussain, J., Gupta, S.K. et al. Comprehensive evaluation of water quality status for entire stretch of Yamuna River, India. Environ Monit Assess 191, 208 (2019). https://doi.org/10.1007/s10661-019-7312-8","Page 7, 'Nutrient (nitrogen and phosphorus)' section","The least and maximum NO3 concentrations were recorded at Pratappur and Mohana, respectively."
S6,P13,non-monsoon (November to June),17.89,,,,,,,,,mg/L,"Jaiswal, M., Hussain, J., Gupta, S.K. et al. Comprehensive evaluation of water quality status for entire stretch of Yamuna River, India. Environ Monit Assess 191, 208 (2019). https://doi.org/10.1007/s10661-019-7312-8","Page 7, 'Nutrient (nitrogen and phosphorus)' section","The least and maximum NO3 concentrations were recorded at Pratappur and Mohana, respectively."
,P15,monsoon (July to October),,34.0,,17.0,51.0,,entire Yamuna River stretch,,,mg/L,"Jaiswal, M., Hussain, J., Gupta, S.K. et al. Comprehensive evaluation of water quality status for entire stretch of Yamuna River, India. Environ Monit Assess 191, 208 (2019). https://doi.org/10.1007/s10661-019-7312-8","Page 7, 'Sulfate' section","The SO42 concentration along the Yamuna River varied from 17 to 51 mg/L with a mean concentration of 34 mg/L in monsoon, as well as 18-111 mg/L with a mean of 55 mg/L in non-monsoon."
,P15,non-monsoon (November to June),,55.0,,18.0,111.0,,entire Yamuna River stretch,,,mg/L,"Jaiswal, M., Hussain, J., Gupta, S.K. et al. Comprehensive evaluation of water quality status for entire stretch of Yamuna River, India. Environ Monit Assess 191, 208 (2019). https://doi.org/10.1007/s10661-019-7312-8","Page 7, 'Sulfate' section","The SO42 concentration along the Yamuna River varied from 17 to 51 mg/L with a mean concentration of 34 mg/L in monsoon, as well as 18-111 mg/L with a mean of 55 mg/L in non-monsoon."
S2,P15,monsoon (July to October),17.0,,,,,,,,,mg/L,"Jaiswal, M., Hussain, J., Gupta, S.K. et al. Comprehensive evaluation of water quality status for entire stretch of Yamuna River, India. Environ Monit Assess 191, 208 (2019). https://doi.org/10.1007/s10661-019-7312-8","Page 7, 'Sulfate' section",The lowest SO42- concentration was observed at Kalanaur and the highest at Agra during both seasons.
S8,P15,non-monsoon (November to June),111.0,,,,,,,,,mg/L,"Jaiswal, M., Hussain, J., Gupta, S.K. et al. Comprehensive evaluation of water quality status for entire stretch of Yamuna River, India. Environ Monit Assess 191, 208 (2019). https://doi.org/10.1007/s10661-019-7312-8","Page 7, 'Sulfate' section",The lowest SO42- concentration was observed at Kalanaur and the highest at Agra during both seasons.
,P15,,,,,,,,IS 1991 maximum desirable limit,<,200.0,mg/L,"Jaiswal, M., Hussain, J., Gupta, S.K. et al. Comprehensive evaluation of water quality status for entire stretch of Yamuna River, India. Environ Monit Assess 191, 208 (2019). https://doi.org/10.1007/s10661-019-7312-8","Page 7, 'Sulfate' section","These observations revealed that the concentrations of SO42 at the sampling sites were below the maximum desirable limit of 200 mg/L, as per the Indian Standards (IS 1991)."
,P15,,,,,,,,IS: 2296 class A limit,<,400.0,mg/L,"Jaiswal, M., Hussain, J., Gupta, S.K. et al. Comprehensive evaluation of water quality status for entire stretch of Yamuna River, India. Environ Monit Assess 191, 208 (2019). https://doi.org/10.1007/s10661-019-7312-8","Page 7, 'Sulfate' section","In addition, the SO42 levels complied with class A of IS: 2296 (≤400 mg/L; Table 1)."
,P16,monsoon (July to October),,40.5,16.6,,,,entire Yamuna River stretch,,,mg/L,"Jaiswal, M., Hussain, J., Gupta, S.K. et al. Comprehensive evaluation of water quality status for entire stretch of Yamuna River, India. Environ Monit Assess 191, 208 (2019). https://doi.org/10.1007/s10661-019-7312-8","Page 8, 'Chloride' section","The average Cl concentrations along the Yamuna River were 40.5±16.6 and 112.4±76.5 mg/L during the monsoon and non-monsoon seasons, respectively."
,P16,non-monsoon (November to June),,112.4,76.5,,,,entire Yamuna River stretch,,,mg/L,"Jaiswal, M., Hussain, J., Gupta, S.K. et al. Comprehensive evaluation of water quality status for entire stretch of Yamuna River, India. Environ Monit Assess 191, 208 (2019). https://doi.org/10.1007/s10661-019-7312-8","Page 8, 'Chloride' section","The average Cl concentrations along the Yamuna River were 40.5±16.6 and 112.4±76.5 mg/L during the monsoon and non-monsoon seasons, respectively."
S8,P16,non-monsoon (November to June),226.7,,,,,,,,,mg/L,"Jaiswal, M., Hussain, J., Gupta, S.K. et al. Comprehensive evaluation of water quality status for entire stretch of Yamuna River, India. Environ Monit Assess 191, 208 (2019). https://doi.org/10.1007/s10661-019-7312-8","Page 8, 'Chloride' section",The highest Cl concentration of 226.7 mg/L was reported at Agra during the non-monsoon period.
,P16,,,,,,,,IS 1982 class A allowable limit,<,250.0,mg/L,"Jaiswal, M., Hussain, J., Gupta, S.K. et al. Comprehensive evaluation of water quality status for entire stretch of Yamuna River, India. Environ Monit Assess 191, 208 (2019). https://doi.org/10.1007/s10661-019-7312-8","Page 8, 'Chloride' section",It was found that all sites during both seasons contained allowable Cl concentrations according to class A (≤250 mg/L) (IS 1982)...
,P17,,,,,0.5,1.5,,WHO permissible limit,,,mg/L,"Jaiswal, M., Hussain, J., Gupta, S.K. et al. Comprehensive evaluation of water quality status for entire stretch of Yamuna River, India. Environ Monit Assess 191, 208 (2019). https://doi.org/10.1007/s10661-019-7312-8","Page 8, 'Fluoride' section",Drinking water containing F¯ with a permissible limit of 0.5-1.5 mg/L is beneficial to human health (WHO 2011).
,P17,monsoon (July to October),,0.35,,,,,entire Yamuna River stretch,,,mg/L,"Jaiswal, M., Hussain, J., Gupta, S.K. et al. Comprehensive evaluation of water quality status for entire stretch of Yamuna River, India. Environ Monit Assess 191, 208 (2019). https://doi.org/10.1007/s10661-019-7312-8","Page 8, 'Fluoride' section","The mean F¯ concentration in the Yamuna River was 0.35 mg/L in monsoon, and it increased to 0.44 mg/L in the non-monsoon period."
,P17,non-monsoon (November to June),,0.44,,,,,entire Yamuna River stretch,,,mg/L,"Jaiswal, M., Hussain, J., Gupta, S.K. et al. Comprehensive evaluation of water quality status for entire stretch of Yamuna River, India. Environ Monit Assess 191, 208 (2019). https://doi.org/10.1007/s10661-019-7312-8","Page 8, 'Fluoride' section","The mean F¯ concentration in the Yamuna River was 0.35 mg/L in monsoon, and it increased to 0.44 mg/L in the non-monsoon period."
,P18,monsoon (July to October),,,,0.17,0.9,,entire Yamuna River stretch,,,mg/L,"Jaiswal, M., Hussain, J., Gupta, S.K. et al. Comprehensive evaluation of water quality status for entire stretch of Yamuna River, India. Environ Monit Assess 191, 208 (2019). https://doi.org/10.1007/s10661-019-7312-8","Page 8, 'Iron' section",The concentrations of Fe ranged as 0.17-0.90 mg/L during monsoon and 0.07–0.81 mg/L during non-monsoon.
,P18,non-monsoon (November to June),,,,0.07,0.81,,entire Yamuna River stretch,,,mg/L,"Jaiswal, M., Hussain, J., Gupta, S.K. et al. Comprehensive evaluation of water quality status for entire stretch of Yamuna River, India. Environ Monit Assess 191, 208 (2019). https://doi.org/10.1007/s10661-019-7312-8","Page 8, 'Iron' section",The concentrations of Fe ranged as 0.17-0.90 mg/L during monsoon and 0.07–0.81 mg/L during non-monsoon.
,P18,,,,,,,,IS 1991 acceptable limit,>,0.3,mg/L,"Jaiswal, M., Hussain, J., Gupta, S.K. et al. Comprehensive evaluation of water quality status for entire stretch of Yamuna River, India. Environ Monit Assess 191, 208 (2019). https://doi.org/10.1007/s10661-019-7312-8","Page 8, 'Iron' section","Several locations such as Delhi, Mohana, Mathura, and Agra exceeded the acceptable limit of Fe in drinking water (0.3 mg/L) (IS 1991)."
,P19,monsoon (July to October),,0.11,,0.02,0.22,,entire Yamuna River stretch,,,mg/L,"Jaiswal, M., Hussain, J., Gupta, S.K. et al. Comprehensive evaluation of water quality status for entire stretch of Yamuna River, India. Environ Monit Assess 191, 208 (2019). https://doi.org/10.1007/s10661-019-7312-8","Page 8, 'Boron' section","Along the Yamuna River, B ranged as 0.02–0.22 mg/L with an average value of 0.11 mg/L in monsoon and 0.02-0.40 mg/L with an average of 0.22 mg/L in non-monsoon."
,P19,non-monsoon (November to June),,0.22,,0.02,0.4,,entire Yamuna River stretch,,,mg/L,"Jaiswal, M., Hussain, J., Gupta, S.K. et al. Comprehensive evaluation of water quality status for entire stretch of Yamuna River, India. Environ Monit Assess 191, 208 (2019). https://doi.org/10.1007/s10661-019-7312-8","Page 8, 'Boron' section","Along the Yamuna River, B ranged as 0.02–0.22 mg/L with an average value of 0.11 mg/L in monsoon and 0.02-0.40 mg/L with an average of 0.22 mg/L in non-monsoon."
,P19,,,,,,,,IS: 2296 class E allowable limit,<,2.0,mg/L,"Jaiswal, M., Hussain, J., Gupta, S.K. et al. Comprehensive evaluation of water quality status for entire stretch of Yamuna River, India. Environ Monit Assess 191, 208 (2019). https://doi.org/10.1007/s10661-019-7312-8","Page 8, 'Boron' section",These values were allowable according to IS: 2296 (≤2.0 mg/L for class E) and IS: 10500 (1.0 mg/L).
,P19,,1.0,,,,,,IS: 10500 limit,,,mg/L,"Jaiswal, M., Hussain, J., Gupta, S.K. et al. Comprehensive evaluation of water quality status for entire stretch of Yamuna River, India. Environ Monit Assess 191, 208 (2019). https://doi.org/10.1007/s10661-019-7312-8","Page 8, 'Boron' section",These values were allowable according to IS: 2296 (≤2.0 mg/L for class E) and IS: 10500 (1.0 mg/L).
S2,P19,monsoon (July to October),0.02,,,,,,,,,mg/L,"Jaiswal, M., Hussain, J., Gupta, S.K. et al. Comprehensive evaluation of water quality status for entire stretch of Yamuna River, India. Environ Monit Assess 191, 208 (2019). https://doi.org/10.1007/s10661-019-7312-8","Page 8, 'Boron' section",The minimum concentrations of B were found at Kalanaur during monsoon and Paonta and Mawi during non-monsoon.
S1,P19,non-monsoon (November to June),0.02,,,,,,,,,mg/L,"Jaiswal, M., Hussain, J., Gupta, S.K. et al. Comprehensive evaluation of water quality status for entire stretch of Yamuna River, India. Environ Monit Assess 191, 208 (2019). https://doi.org/10.1007/s10661-019-7312-8","Page 8, 'Boron' section",The minimum concentrations of B were found at Kalanaur during monsoon and Paonta and Mawi during non-monsoon.
S3,P19,non-monsoon (November to June),0.02,,,,,,,,,mg/L,"Jaiswal, M., Hussain, J., Gupta, S.K. et al. Comprehensive evaluation of water quality status for entire stretch of Yamuna River, India. Environ Monit Assess 191, 208 (2019). https://doi.org/10.1007/s10661-019-7312-8","Page 8, 'Boron' section",The minimum concentrations of B were found at Kalanaur during monsoon and Paonta and Mawi during non-monsoon.
S9,P19,monsoon (July to October),0.22,,,,,,,,,mg/L,"Jaiswal, M., Hussain, J., Gupta, S.K. et al. Comprehensive evaluation of water quality status for entire stretch of Yamuna River, India. Environ Monit Assess 191, 208 (2019). https://doi.org/10.1007/s10661-019-7312-8","Page 8, 'Boron' section","However, the highest concentrations of B were detected at Etawah and Mathura during monsoon and non-monsoon, respectively."
S7,P19,non-monsoon (November to June),0.4,,,,,,,,,mg/L,"Jaiswal, M., Hussain, J., Gupta, S.K. et al. Comprehensive evaluation of water quality status for entire stretch of Yamuna River, India. Environ Monit Assess 191, 208 (2019). https://doi.org/10.1007/s10661-019-7312-8","Page 8, 'Boron' section","However, the highest concentrations of B were detected at Etawah and Mathura during monsoon and non-monsoon, respectively."
,P4,monsoon (July to October),,11.9,,,,,"Group M-2 (Delhi, Mohana, Mathura)",,,mg/L,"Jaiswal, M., Hussain, J., Gupta, S.K. et al. Comprehensive evaluation of water quality status for entire stretch of Yamuna River, India. Environ Monit Assess 191, 208 (2019). https://doi.org/10.1007/s10661-019-7312-8","Page 13, 'Cluster analysis for monsoon' section","These sites had high BOD5 of 11.9 mg/L, NH4+ of 2.7 mg/L, and NO3 of 14.2 mg/L, but low DO of 4.9 mg/L, suggesting the contribution of an organic load from drains at the urban areas."
,P11,monsoon (July to October),,2.7,,,,,"Group M-2 (Delhi, Mohana, Mathura)",,,mg/L,"Jaiswal, M., Hussain, J., Gupta, S.K. et al. Comprehensive evaluation of water quality status for entire stretch of Yamuna River, India. Environ Monit Assess 191, 208 (2019). https://doi.org/10.1007/s10661-019-7312-8","Page 13, 'Cluster analysis for monsoon' section","These sites had high BOD5 of 11.9 mg/L, NH4+ of 2.7 mg/L, and NO3 of 14.2 mg/L, but low DO of 4.9 mg/L, suggesting the contribution of an organic load from drains at the urban areas."
,P13,monsoon (July to October),,14.2,,,,,"Group M-2 (Delhi, Mohana, Mathura)",,,mg/L,"Jaiswal, M., Hussain, J., Gupta, S.K. et al. Comprehensive evaluation of water quality status for entire stretch of Yamuna River, India. Environ Monit Assess 191, 208 (2019). https://doi.org/10.1007/s10661-019-7312-8","Page 13, 'Cluster analysis for monsoon' section","These sites had high BOD5 of 11.9 mg/L, NH4+ of 2.7 mg/L, and NO3 of 14.2 mg/L, but low DO of 4.9 mg/L, suggesting the contribution of an organic load from drains at the urban areas."
,P3,monsoon (July to October),,4.9,,,,,"Group M-2 (Delhi, Mohana, Mathura)",,,mg/L,"Jaiswal, M., Hussain, J., Gupta, S.K. et al. Comprehensive evaluation of water quality status for entire stretch of Yamuna River, India. Environ Monit Assess 191, 208 (2019). https://doi.org/10.1007/s10661-019-7312-8","Page 13, 'Cluster analysis for monsoon' section","These sites had high BOD5 of 11.9 mg/L, NH4+ of 2.7 mg/L, and NO3 of 14.2 mg/L, but low DO of 4.9 mg/L, suggesting the contribution of an organic load from drains at the urban areas."
,P5,monsoon (July to October),,348.0,,,,,"Group M-3 (Etawah, Agra)",,,mg/L,"Jaiswal, M., Hussain, J., Gupta, S.K. et al. Comprehensive evaluation of water quality status for entire stretch of Yamuna River, India. Environ Monit Assess 191, 208 (2019). https://doi.org/10.1007/s10661-019-7312-8","Page 13, 'Cluster analysis for monsoon' section",This group was characterized by high dissolved salts expressed by an average TDS of 348 mg/L.
,P7,non-monsoon (November to June),,142.0,,,,,"Group NM-1 (Paonta, Kalanaur, Mawi, Palla)",,,mg/L (as CaCO3),"Jaiswal, M., Hussain, J., Gupta, S.K. et al. Comprehensive evaluation of water quality status for entire stretch of Yamuna River, India. Environ Monit Assess 191, 208 (2019). https://doi.org/10.1007/s10661-019-7312-8","Page 14, 'Cluster analysis for non-monsoon' section","These sites are located at the upstream of the Yamuna River and described by low TA and TH values of 142 and 140 mg/L, respectively."
,P8,non-monsoon (November to June),,140.0,,,,,"Group NM-1 (Paonta, Kalanaur, Mawi, Palla)",,,mg/L (as CaCO3),"Jaiswal, M., Hussain, J., Gupta, S.K. et al. Comprehensive evaluation of water quality status for entire stretch of Yamuna River, India. Environ Monit Assess 191, 208 (2019). https://doi.org/10.1007/s10661-019-7312-8","Page 14, 'Cluster analysis for non-monsoon' section","These sites are located at the upstream of the Yamuna River and described by low TA and TH values of 142 and 140 mg/L, respectively."
,P4,non-monsoon (November to June),,45.1,,,,,"Group NM-2 (Delhi, Mohana, Mathura)",,,mg/L,"Jaiswal, M., Hussain, J., Gupta, S.K. et al. Comprehensive evaluation of water quality status for entire stretch of Yamuna River, India. Environ Monit Assess 191, 208 (2019). https://doi.org/10.1007/s10661-019-7312-8","Page 14, 'Cluster analysis for non-monsoon' section","Group NM-2 had the sites of Delhi, Mohana, and Mathura and composed of high BOD5, NH4+, and NO3 levels of 45.1, 3.1, and 14.4 mg/L, respectively."
,P11,non-monsoon (November to June),,3.1,,,,,"Group NM-2 (Delhi, Mohana, Mathura)",,,mg/L,"Jaiswal, M., Hussain, J., Gupta, S.K. et al. Comprehensive evaluation of water quality status for entire stretch of Yamuna River, India. Environ Monit Assess 191, 208 (2019). https://doi.org/10.1007/s10661-019-7312-8","Page 14, 'Cluster analysis for non-monsoon' section","Group NM-2 had the sites of Delhi, Mohana, and Mathura and composed of high BOD5, NH4+, and NO3 levels of 45.1, 3.1, and 14.4 mg/L, respectively."
,P13,non-monsoon (November to June),,14.4,,,,,"Group NM-2 (Delhi, Mohana, Mathura)",,,mg/L,"Jaiswal, M., Hussain, J., Gupta, S.K. et al. Comprehensive evaluation of water quality status for entire stretch of Yamuna River, India. Environ Monit Assess 191, 208 (2019). https://doi.org/10.1007/s10661-019-7312-8","Page 14, 'Cluster analysis for non-monsoon' section","Group NM-2 had the sites of Delhi, Mohana, and Mathura and composed of high BOD5, NH4+, and NO3 levels of 45.1, 3.1, and 14.4 mg/L, respectively."
,P5,non-monsoon (November to June),,907.0,,,,,"Group NM-3 (Agra, Etawah)",,,mg/L,"Jaiswal, M., Hussain, J., Gupta, S.K. et al. Comprehensive evaluation of water quality status for entire stretch of Yamuna River, India. Environ Monit Assess 191, 208 (2019). https://doi.org/10.1007/s10661-019-7312-8","Page 14, 'Cluster analysis for non-monsoon' section","This group is located at the midstream of the Yamuna River, and it was characterized by high TDS (907 mg/L), TA (294 mg/L), TH (291 mg/L), and EC (1512 μS/cm)."
,P7,non-monsoon (November to June),,294.0,,,,,"Group NM-3 (Agra, Etawah)",,,mg/L (as CaCO3),"Jaiswal, M., Hussain, J., Gupta, S.K. et al. Comprehensive evaluation of water quality status for entire stretch of Yamuna River, India. Environ Monit Assess 191, 208 (2019). https://doi.org/10.1007/s10661-019-7312-8","Page 14, 'Cluster analysis for non-monsoon' section","This group is located at the midstream of the Yamuna River, and it was characterized by high TDS (907 mg/L), TA (294 mg/L), TH (291 mg/L), and EC (1512 μS/cm)."
,P8,non-monsoon (November to June),,291.0,,,,,"Group NM-3 (Agra, Etawah)",,,mg/L (as CaCO3),"Jaiswal, M., Hussain, J., Gupta, S.K. et al. Comprehensive evaluation of water quality status for entire stretch of Yamuna River, India. Environ Monit Assess 191, 208 (2019). https://doi.org/10.1007/s10661-019-7312-8","Page 14, 'Cluster analysis for non-monsoon' section","This group is located at the midstream of the Yamuna River, and it was characterized by high TDS (907 mg/L), TA (294 mg/L), TH (291 mg/L), and EC (1512 μS/cm)."
,P6,non-monsoon (November to June),,1512.0,,,,,"Group NM-3 (Agra, Etawah)",,,μS/cm,"Jaiswal, M., Hussain, J., Gupta, S.K. et al. Comprehensive evaluation of water quality status for entire stretch of Yamuna River, India. Environ Monit Assess 191, 208 (2019). https://doi.org/10.1007/s10661-019-7312-8","Page 14, 'Cluster analysis for non-monsoon' section","This group is located at the midstream of the Yamuna River, and it was characterized by high TDS (907 mg/L), TA (294 mg/L), TH (291 mg/L), and EC (1512 μS/cm)."
,P16,non-monsoon (November to June),,209.0,,,,,"Group NM-3 (Agra, Etawah)",,,mg/L,"Jaiswal, M., Hussain, J., Gupta, S.K. et al. Comprehensive evaluation of water quality status for entire stretch of Yamuna River, India. Environ Monit Assess 191, 208 (2019). https://doi.org/10.1007/s10661-019-7312-8","Page 14, 'Cluster analysis for non-monsoon' section",The high Cl (209 mg/L) and SO42 (100 mg/L) elements could be due to contamination with undetected and untreated pesticide residues that impose a toxic impact across the river.
,P15,non-monsoon (November to June),,100.0,,,,,"Group NM-3 (Agra, Etawah)",,,mg/L,"Jaiswal, M., Hussain, J., Gupta, S.K. et al. Comprehensive evaluation of water quality status for entire stretch of Yamuna River, India. Environ Monit Assess 191, 208 (2019). https://doi.org/10.1007/s10661-019-7312-8","Page 14, 'Cluster analysis for non-monsoon' section",The high Cl (209 mg/L) and SO42 (100 mg/L) elements could be due to contamination with undetected and untreated pesticide residues that impose a toxic impact across the river.
,P4,non-monsoon (November to June),,1.78,,,,,"Group NM-4 (Auraiya, Hamirpur, Pratappur)",,,mg/L,"Jaiswal, M., Hussain, J., Gupta, S.K. et al. Comprehensive evaluation of water quality status for entire stretch of Yamuna River, India. Environ Monit Assess 191, 208 (2019). https://doi.org/10.1007/s10661-019-7312-8","Page 14, 'Cluster analysis for non-monsoon' section","Group NM-4 comprised Auraiya, Hamirpur, and Pratappur. These sites are located downstream of the Yamuna River, and they had low BOD5 (1.78 mg/L), NH4+ (0.4 mg/L), NO3¯ (1.2 mg/L), and PO43 (0.2 mg/L)."
,P11,non-monsoon (November to June),,0.4,,,,,"Group NM-4 (Auraiya, Hamirpur, Pratappur)",,,mg/L,"Jaiswal, M., Hussain, J., Gupta, S.K. et al. Comprehensive evaluation of water quality status for entire stretch of Yamuna River, India. Environ Monit Assess 191, 208 (2019). https://doi.org/10.1007/s10661-019-7312-8","Page 14, 'Cluster analysis for non-monsoon' section","Group NM-4 comprised Auraiya, Hamirpur, and Pratappur. These sites are located downstream of the Yamuna River, and they had low BOD5 (1.78 mg/L), NH4+ (0.4 mg/L), NO3¯ (1.2 mg/L), and PO43 (0.2 mg/L)."
,P13,non-monsoon (November to June),,1.2,,,,,"Group NM-4 (Auraiya, Hamirpur, Pratappur)",,,mg/L,"Jaiswal, M., Hussain, J., Gupta, S.K. et al. Comprehensive evaluation of water quality status for entire stretch of Yamuna River, India. Environ Monit Assess 191, 208 (2019). https://doi.org/10.1007/s10661-019-7312-8","Page 14, 'Cluster analysis for non-monsoon' section","Group NM-4 comprised Auraiya, Hamirpur, and Pratappur. These sites are located downstream of the Yamuna River, and they had low BOD5 (1.78 mg/L), NH4+ (0.4 mg/L), NO3¯ (1.2 mg/L), and PO43 (0.2 mg/L)."
,P14,non-monsoon (November to June),,0.2,,,,,"Group NM-4 (Auraiya, Hamirpur, Pratappur)",,,mg/L,"Jaiswal, M., Hussain, J., Gupta, S.K. et al. Comprehensive evaluation of water quality status for entire stretch of Yamuna River, India. Environ Monit Assess 191, 208 (2019). https://doi.org/10.1007/s10661-019-7312-8","Page 14, 'Cluster analysis for non-monsoon' section","Group NM-4 comprised Auraiya, Hamirpur, and Pratappur. These sites are located downstream of the Yamuna River, and they had low BOD5 (1.78 mg/L), NH4+ (0.4 mg/L), NO3¯ (1.2 mg/L), and PO43 (0.2 mg/L)."
